-- --------------------------------------------------------
-- Host:                         127.0.0.1
-- Server version:               5.7.33 - MySQL Community Server (GPL)
-- Server OS:                    Win64
-- HeidiSQL Version:             12.0.0.6468
-- --------------------------------------------------------

/*!40101 SET @OLD_CHARACTER_SET_CLIENT=@@CHARACTER_SET_CLIENT */;
/*!40101 SET NAMES utf8 */;
/*!50503 SET NAMES utf8mb4 */;
/*!40103 SET @OLD_TIME_ZONE=@@TIME_ZONE */;
/*!40103 SET TIME_ZONE='+00:00' */;
/*!40014 SET @OLD_FOREIGN_KEY_CHECKS=@@FOREIGN_KEY_CHECKS, FOREIGN_KEY_CHECKS=0 */;
/*!40101 SET @OLD_SQL_MODE=@@SQL_MODE, SQL_MODE='NO_AUTO_VALUE_ON_ZERO' */;
/*!40111 SET @OLD_SQL_NOTES=@@SQL_NOTES, SQL_NOTES=0 */;

-- Dumping data for table hris_kpt.salary_adjustments: ~2 rows (approximately)
INSERT INTO `salary_adjustments` (`id`, `position_id`, `job_order_id`, `employee_base`, `name`, `type_time`, `is_date_end`, `date_start`, `date_end`, `type_amount`, `amount`, `type_adjustment`, `note`, `created_by`, `updated_by`, `deleted_by`, `created_at`, `updated_at`, `deleted_at`) VALUES
	(1, NULL, NULL, 'all', 'Uang Makan Lembur', 'forever', 0, NULL, NULL, 'nominal', 10000, 'addition', NULL, 1, NULL, NULL, '2023-05-29 02:53:44', '2023-05-29 02:53:44', NULL),
	(2, NULL, NULL, 'all', 'Uang Lembur', 'forever', 0, NULL, NULL, 'nominal', 12000, 'addition', NULL, 1, NULL, NULL, '2023-05-29 02:54:02', '2023-05-29 02:54:02', NULL);

-- Dumping data for table hris_kpt.salary_adjustment_details: ~0 rows (approximately)
INSERT INTO `salary_adjustment_details` (`id`, `salary_adjustment_id`, `employee_id`, `created_by`, `updated_by`, `deleted_by`, `created_at`, `updated_at`, `deleted_at`) VALUES
	(1, 1, 1, 1, NULL, NULL, '2023-05-29 02:53:44', '2023-05-29 02:53:44', NULL),
	(2, 1, 2, 1, NULL, NULL, '2023-05-29 02:53:44', '2023-05-29 02:53:44', NULL),
	(3, 1, 3, 1, NULL, NULL, '2023-05-29 02:53:44', '2023-05-29 02:53:44', NULL),
	(4, 1, 4, 1, NULL, NULL, '2023-05-29 02:53:44', '2023-05-29 02:53:44', NULL),
	(5, 1, 5, 1, NULL, NULL, '2023-05-29 02:53:44', '2023-05-29 02:53:44', NULL),
	(6, 1, 6, 1, NULL, NULL, '2023-05-29 02:53:44', '2023-05-29 02:53:44', NULL),
	(7, 1, 7, 1, NULL, NULL, '2023-05-29 02:53:44', '2023-05-29 02:53:44', NULL),
	(8, 1, 8, 1, NULL, NULL, '2023-05-29 02:53:44', '2023-05-29 02:53:44', NULL),
	(9, 1, 9, 1, NULL, NULL, '2023-05-29 02:53:44', '2023-05-29 02:53:44', NULL),
	(10, 1, 10, 1, NULL, NULL, '2023-05-29 02:53:44', '2023-05-29 02:53:44', NULL),
	(11, 1, 11, 1, NULL, NULL, '2023-05-29 02:53:44', '2023-05-29 02:53:44', NULL),
	(12, 1, 12, 1, NULL, NULL, '2023-05-29 02:53:44', '2023-05-29 02:53:44', NULL),
	(13, 1, 13, 1, NULL, NULL, '2023-05-29 02:53:44', '2023-05-29 02:53:44', NULL),
	(14, 1, 14, 1, NULL, NULL, '2023-05-29 02:53:44', '2023-05-29 02:53:44', NULL),
	(15, 1, 15, 1, NULL, NULL, '2023-05-29 02:53:44', '2023-05-29 02:53:44', NULL),
	(16, 1, 16, 1, NULL, NULL, '2023-05-29 02:53:44', '2023-05-29 02:53:44', NULL),
	(17, 1, 17, 1, NULL, NULL, '2023-05-29 02:53:44', '2023-05-29 02:53:44', NULL),
	(18, 1, 18, 1, NULL, NULL, '2023-05-29 02:53:44', '2023-05-29 02:53:44', NULL),
	(19, 1, 19, 1, NULL, NULL, '2023-05-29 02:53:44', '2023-05-29 02:53:44', NULL),
	(20, 1, 20, 1, NULL, NULL, '2023-05-29 02:53:44', '2023-05-29 02:53:44', NULL),
	(21, 1, 21, 1, NULL, NULL, '2023-05-29 02:53:44', '2023-05-29 02:53:44', NULL),
	(22, 1, 22, 1, NULL, NULL, '2023-05-29 02:53:44', '2023-05-29 02:53:44', NULL),
	(23, 1, 23, 1, NULL, NULL, '2023-05-29 02:53:44', '2023-05-29 02:53:44', NULL),
	(24, 1, 24, 1, NULL, NULL, '2023-05-29 02:53:44', '2023-05-29 02:53:44', NULL),
	(25, 1, 25, 1, NULL, NULL, '2023-05-29 02:53:44', '2023-05-29 02:53:44', NULL),
	(26, 1, 26, 1, NULL, NULL, '2023-05-29 02:53:44', '2023-05-29 02:53:44', NULL),
	(27, 1, 27, 1, NULL, NULL, '2023-05-29 02:53:44', '2023-05-29 02:53:44', NULL),
	(28, 1, 28, 1, NULL, NULL, '2023-05-29 02:53:44', '2023-05-29 02:53:44', NULL),
	(29, 1, 29, 1, NULL, NULL, '2023-05-29 02:53:44', '2023-05-29 02:53:44', NULL),
	(30, 1, 30, 1, NULL, NULL, '2023-05-29 02:53:44', '2023-05-29 02:53:44', NULL),
	(31, 1, 31, 1, NULL, NULL, '2023-05-29 02:53:44', '2023-05-29 02:53:44', NULL),
	(32, 1, 32, 1, NULL, NULL, '2023-05-29 02:53:44', '2023-05-29 02:53:44', NULL),
	(33, 1, 33, 1, NULL, NULL, '2023-05-29 02:53:44', '2023-05-29 02:53:44', NULL),
	(34, 1, 34, 1, NULL, NULL, '2023-05-29 02:53:44', '2023-05-29 02:53:44', NULL),
	(35, 1, 35, 1, NULL, NULL, '2023-05-29 02:53:44', '2023-05-29 02:53:44', NULL),
	(36, 1, 36, 1, NULL, NULL, '2023-05-29 02:53:44', '2023-05-29 02:53:44', NULL),
	(37, 1, 37, 1, NULL, NULL, '2023-05-29 02:53:44', '2023-05-29 02:53:44', NULL),
	(38, 1, 38, 1, NULL, NULL, '2023-05-29 02:53:44', '2023-05-29 02:53:44', NULL),
	(39, 1, 39, 1, NULL, NULL, '2023-05-29 02:53:44', '2023-05-29 02:53:44', NULL),
	(40, 1, 40, 1, NULL, NULL, '2023-05-29 02:53:44', '2023-05-29 02:53:44', NULL),
	(41, 1, 41, 1, NULL, NULL, '2023-05-29 02:53:44', '2023-05-29 02:53:44', NULL),
	(42, 1, 42, 1, NULL, NULL, '2023-05-29 02:53:44', '2023-05-29 02:53:44', NULL),
	(43, 1, 43, 1, NULL, NULL, '2023-05-29 02:53:44', '2023-05-29 02:53:44', NULL),
	(44, 1, 44, 1, NULL, NULL, '2023-05-29 02:53:44', '2023-05-29 02:53:44', NULL),
	(45, 1, 45, 1, NULL, NULL, '2023-05-29 02:53:44', '2023-05-29 02:53:44', NULL),
	(46, 1, 46, 1, NULL, NULL, '2023-05-29 02:53:44', '2023-05-29 02:53:44', NULL),
	(47, 1, 47, 1, NULL, NULL, '2023-05-29 02:53:44', '2023-05-29 02:53:44', NULL),
	(48, 1, 48, 1, NULL, NULL, '2023-05-29 02:53:44', '2023-05-29 02:53:44', NULL),
	(49, 1, 49, 1, NULL, NULL, '2023-05-29 02:53:44', '2023-05-29 02:53:44', NULL),
	(50, 1, 50, 1, NULL, NULL, '2023-05-29 02:53:44', '2023-05-29 02:53:44', NULL),
	(51, 1, 51, 1, NULL, NULL, '2023-05-29 02:53:44', '2023-05-29 02:53:44', NULL),
	(52, 1, 52, 1, NULL, NULL, '2023-05-29 02:53:44', '2023-05-29 02:53:44', NULL),
	(53, 1, 53, 1, NULL, NULL, '2023-05-29 02:53:44', '2023-05-29 02:53:44', NULL),
	(54, 1, 54, 1, NULL, NULL, '2023-05-29 02:53:44', '2023-05-29 02:53:44', NULL),
	(55, 1, 55, 1, NULL, NULL, '2023-05-29 02:53:44', '2023-05-29 02:53:44', NULL),
	(56, 1, 56, 1, NULL, NULL, '2023-05-29 02:53:44', '2023-05-29 02:53:44', NULL),
	(57, 1, 57, 1, NULL, NULL, '2023-05-29 02:53:44', '2023-05-29 02:53:44', NULL),
	(58, 1, 58, 1, NULL, NULL, '2023-05-29 02:53:44', '2023-05-29 02:53:44', NULL),
	(59, 1, 59, 1, NULL, NULL, '2023-05-29 02:53:44', '2023-05-29 02:53:44', NULL),
	(60, 1, 60, 1, NULL, NULL, '2023-05-29 02:53:44', '2023-05-29 02:53:44', NULL),
	(61, 1, 61, 1, NULL, NULL, '2023-05-29 02:53:44', '2023-05-29 02:53:44', NULL),
	(62, 1, 62, 1, NULL, NULL, '2023-05-29 02:53:44', '2023-05-29 02:53:44', NULL),
	(63, 1, 63, 1, NULL, NULL, '2023-05-29 02:53:44', '2023-05-29 02:53:44', NULL),
	(64, 1, 64, 1, NULL, NULL, '2023-05-29 02:53:44', '2023-05-29 02:53:44', NULL),
	(65, 1, 65, 1, NULL, NULL, '2023-05-29 02:53:44', '2023-05-29 02:53:44', NULL),
	(66, 1, 66, 1, NULL, NULL, '2023-05-29 02:53:44', '2023-05-29 02:53:44', NULL),
	(67, 1, 67, 1, NULL, NULL, '2023-05-29 02:53:44', '2023-05-29 02:53:44', NULL),
	(68, 1, 68, 1, NULL, NULL, '2023-05-29 02:53:44', '2023-05-29 02:53:44', NULL),
	(69, 1, 69, 1, NULL, NULL, '2023-05-29 02:53:44', '2023-05-29 02:53:44', NULL),
	(70, 1, 70, 1, NULL, NULL, '2023-05-29 02:53:44', '2023-05-29 02:53:44', NULL),
	(71, 1, 71, 1, NULL, NULL, '2023-05-29 02:53:44', '2023-05-29 02:53:44', NULL),
	(72, 1, 72, 1, NULL, NULL, '2023-05-29 02:53:44', '2023-05-29 02:53:44', NULL),
	(73, 1, 73, 1, NULL, NULL, '2023-05-29 02:53:44', '2023-05-29 02:53:44', NULL),
	(74, 1, 74, 1, NULL, NULL, '2023-05-29 02:53:44', '2023-05-29 02:53:44', NULL),
	(75, 1, 75, 1, NULL, NULL, '2023-05-29 02:53:44', '2023-05-29 02:53:44', NULL),
	(76, 1, 76, 1, NULL, NULL, '2023-05-29 02:53:44', '2023-05-29 02:53:44', NULL),
	(77, 1, 77, 1, NULL, NULL, '2023-05-29 02:53:44', '2023-05-29 02:53:44', NULL),
	(78, 1, 78, 1, NULL, NULL, '2023-05-29 02:53:44', '2023-05-29 02:53:44', NULL),
	(79, 1, 79, 1, NULL, NULL, '2023-05-29 02:53:44', '2023-05-29 02:53:44', NULL),
	(80, 1, 80, 1, NULL, NULL, '2023-05-29 02:53:44', '2023-05-29 02:53:44', NULL),
	(81, 1, 81, 1, NULL, NULL, '2023-05-29 02:53:44', '2023-05-29 02:53:44', NULL),
	(82, 1, 82, 1, NULL, NULL, '2023-05-29 02:53:44', '2023-05-29 02:53:44', NULL),
	(83, 1, 83, 1, NULL, NULL, '2023-05-29 02:53:44', '2023-05-29 02:53:44', NULL),
	(84, 1, 84, 1, NULL, NULL, '2023-05-29 02:53:44', '2023-05-29 02:53:44', NULL),
	(85, 1, 85, 1, NULL, NULL, '2023-05-29 02:53:44', '2023-05-29 02:53:44', NULL),
	(86, 1, 86, 1, NULL, NULL, '2023-05-29 02:53:44', '2023-05-29 02:53:44', NULL),
	(87, 1, 87, 1, NULL, NULL, '2023-05-29 02:53:44', '2023-05-29 02:53:44', NULL),
	(88, 1, 88, 1, NULL, NULL, '2023-05-29 02:53:44', '2023-05-29 02:53:44', NULL),
	(89, 1, 89, 1, NULL, NULL, '2023-05-29 02:53:44', '2023-05-29 02:53:44', NULL),
	(90, 1, 90, 1, NULL, NULL, '2023-05-29 02:53:44', '2023-05-29 02:53:44', NULL),
	(91, 1, 91, 1, NULL, NULL, '2023-05-29 02:53:44', '2023-05-29 02:53:44', NULL),
	(92, 1, 92, 1, NULL, NULL, '2023-05-29 02:53:44', '2023-05-29 02:53:44', NULL),
	(93, 1, 93, 1, NULL, NULL, '2023-05-29 02:53:44', '2023-05-29 02:53:44', NULL),
	(94, 1, 94, 1, NULL, NULL, '2023-05-29 02:53:44', '2023-05-29 02:53:44', NULL),
	(95, 1, 95, 1, NULL, NULL, '2023-05-29 02:53:44', '2023-05-29 02:53:44', NULL),
	(96, 1, 96, 1, NULL, NULL, '2023-05-29 02:53:44', '2023-05-29 02:53:44', NULL),
	(97, 1, 97, 1, NULL, NULL, '2023-05-29 02:53:44', '2023-05-29 02:53:44', NULL),
	(98, 1, 98, 1, NULL, NULL, '2023-05-29 02:53:44', '2023-05-29 02:53:44', NULL),
	(99, 1, 99, 1, NULL, NULL, '2023-05-29 02:53:44', '2023-05-29 02:53:44', NULL),
	(100, 1, 100, 1, NULL, NULL, '2023-05-29 02:53:44', '2023-05-29 02:53:44', NULL),
	(101, 1, 101, 1, NULL, NULL, '2023-05-29 02:53:44', '2023-05-29 02:53:44', NULL),
	(102, 1, 102, 1, NULL, NULL, '2023-05-29 02:53:44', '2023-05-29 02:53:44', NULL),
	(103, 1, 103, 1, NULL, NULL, '2023-05-29 02:53:44', '2023-05-29 02:53:44', NULL),
	(104, 1, 104, 1, NULL, NULL, '2023-05-29 02:53:44', '2023-05-29 02:53:44', NULL),
	(105, 1, 105, 1, NULL, NULL, '2023-05-29 02:53:44', '2023-05-29 02:53:44', NULL),
	(106, 1, 106, 1, NULL, NULL, '2023-05-29 02:53:44', '2023-05-29 02:53:44', NULL),
	(107, 1, 107, 1, NULL, NULL, '2023-05-29 02:53:44', '2023-05-29 02:53:44', NULL),
	(108, 1, 108, 1, NULL, NULL, '2023-05-29 02:53:44', '2023-05-29 02:53:44', NULL),
	(109, 1, 109, 1, NULL, NULL, '2023-05-29 02:53:44', '2023-05-29 02:53:44', NULL),
	(110, 1, 110, 1, NULL, NULL, '2023-05-29 02:53:44', '2023-05-29 02:53:44', NULL),
	(111, 1, 111, 1, NULL, NULL, '2023-05-29 02:53:44', '2023-05-29 02:53:44', NULL),
	(112, 2, 1, 1, NULL, NULL, '2023-05-29 02:54:02', '2023-05-29 02:54:02', NULL),
	(113, 2, 2, 1, NULL, NULL, '2023-05-29 02:54:02', '2023-05-29 02:54:02', NULL),
	(114, 2, 3, 1, NULL, NULL, '2023-05-29 02:54:02', '2023-05-29 02:54:02', NULL),
	(115, 2, 4, 1, NULL, NULL, '2023-05-29 02:54:02', '2023-05-29 02:54:02', NULL),
	(116, 2, 5, 1, NULL, NULL, '2023-05-29 02:54:02', '2023-05-29 02:54:02', NULL),
	(117, 2, 6, 1, NULL, NULL, '2023-05-29 02:54:02', '2023-05-29 02:54:02', NULL),
	(118, 2, 7, 1, NULL, NULL, '2023-05-29 02:54:02', '2023-05-29 02:54:02', NULL),
	(119, 2, 8, 1, NULL, NULL, '2023-05-29 02:54:02', '2023-05-29 02:54:02', NULL),
	(120, 2, 9, 1, NULL, NULL, '2023-05-29 02:54:02', '2023-05-29 02:54:02', NULL),
	(121, 2, 10, 1, NULL, NULL, '2023-05-29 02:54:02', '2023-05-29 02:54:02', NULL),
	(122, 2, 11, 1, NULL, NULL, '2023-05-29 02:54:02', '2023-05-29 02:54:02', NULL),
	(123, 2, 12, 1, NULL, NULL, '2023-05-29 02:54:02', '2023-05-29 02:54:02', NULL),
	(124, 2, 13, 1, NULL, NULL, '2023-05-29 02:54:02', '2023-05-29 02:54:02', NULL),
	(125, 2, 14, 1, NULL, NULL, '2023-05-29 02:54:02', '2023-05-29 02:54:02', NULL),
	(126, 2, 15, 1, NULL, NULL, '2023-05-29 02:54:02', '2023-05-29 02:54:02', NULL),
	(127, 2, 16, 1, NULL, NULL, '2023-05-29 02:54:02', '2023-05-29 02:54:02', NULL),
	(128, 2, 17, 1, NULL, NULL, '2023-05-29 02:54:02', '2023-05-29 02:54:02', NULL),
	(129, 2, 18, 1, NULL, NULL, '2023-05-29 02:54:02', '2023-05-29 02:54:02', NULL),
	(130, 2, 19, 1, NULL, NULL, '2023-05-29 02:54:02', '2023-05-29 02:54:02', NULL),
	(131, 2, 20, 1, NULL, NULL, '2023-05-29 02:54:02', '2023-05-29 02:54:02', NULL),
	(132, 2, 21, 1, NULL, NULL, '2023-05-29 02:54:02', '2023-05-29 02:54:02', NULL),
	(133, 2, 22, 1, NULL, NULL, '2023-05-29 02:54:02', '2023-05-29 02:54:02', NULL),
	(134, 2, 23, 1, NULL, NULL, '2023-05-29 02:54:02', '2023-05-29 02:54:02', NULL),
	(135, 2, 24, 1, NULL, NULL, '2023-05-29 02:54:02', '2023-05-29 02:54:02', NULL),
	(136, 2, 25, 1, NULL, NULL, '2023-05-29 02:54:02', '2023-05-29 02:54:02', NULL),
	(137, 2, 26, 1, NULL, NULL, '2023-05-29 02:54:02', '2023-05-29 02:54:02', NULL),
	(138, 2, 27, 1, NULL, NULL, '2023-05-29 02:54:02', '2023-05-29 02:54:02', NULL),
	(139, 2, 28, 1, NULL, NULL, '2023-05-29 02:54:02', '2023-05-29 02:54:02', NULL),
	(140, 2, 29, 1, NULL, NULL, '2023-05-29 02:54:02', '2023-05-29 02:54:02', NULL),
	(141, 2, 30, 1, NULL, NULL, '2023-05-29 02:54:02', '2023-05-29 02:54:02', NULL),
	(142, 2, 31, 1, NULL, NULL, '2023-05-29 02:54:02', '2023-05-29 02:54:02', NULL),
	(143, 2, 32, 1, NULL, NULL, '2023-05-29 02:54:02', '2023-05-29 02:54:02', NULL),
	(144, 2, 33, 1, NULL, NULL, '2023-05-29 02:54:02', '2023-05-29 02:54:02', NULL),
	(145, 2, 34, 1, NULL, NULL, '2023-05-29 02:54:02', '2023-05-29 02:54:02', NULL),
	(146, 2, 35, 1, NULL, NULL, '2023-05-29 02:54:02', '2023-05-29 02:54:02', NULL),
	(147, 2, 36, 1, NULL, NULL, '2023-05-29 02:54:02', '2023-05-29 02:54:02', NULL),
	(148, 2, 37, 1, NULL, NULL, '2023-05-29 02:54:03', '2023-05-29 02:54:03', NULL),
	(149, 2, 38, 1, NULL, NULL, '2023-05-29 02:54:03', '2023-05-29 02:54:03', NULL),
	(150, 2, 39, 1, NULL, NULL, '2023-05-29 02:54:03', '2023-05-29 02:54:03', NULL),
	(151, 2, 40, 1, NULL, NULL, '2023-05-29 02:54:03', '2023-05-29 02:54:03', NULL),
	(152, 2, 41, 1, NULL, NULL, '2023-05-29 02:54:03', '2023-05-29 02:54:03', NULL),
	(153, 2, 42, 1, NULL, NULL, '2023-05-29 02:54:03', '2023-05-29 02:54:03', NULL),
	(154, 2, 43, 1, NULL, NULL, '2023-05-29 02:54:03', '2023-05-29 02:54:03', NULL),
	(155, 2, 44, 1, NULL, NULL, '2023-05-29 02:54:03', '2023-05-29 02:54:03', NULL),
	(156, 2, 45, 1, NULL, NULL, '2023-05-29 02:54:03', '2023-05-29 02:54:03', NULL),
	(157, 2, 46, 1, NULL, NULL, '2023-05-29 02:54:03', '2023-05-29 02:54:03', NULL),
	(158, 2, 47, 1, NULL, NULL, '2023-05-29 02:54:03', '2023-05-29 02:54:03', NULL),
	(159, 2, 48, 1, NULL, NULL, '2023-05-29 02:54:03', '2023-05-29 02:54:03', NULL),
	(160, 2, 49, 1, NULL, NULL, '2023-05-29 02:54:03', '2023-05-29 02:54:03', NULL),
	(161, 2, 50, 1, NULL, NULL, '2023-05-29 02:54:03', '2023-05-29 02:54:03', NULL),
	(162, 2, 51, 1, NULL, NULL, '2023-05-29 02:54:03', '2023-05-29 02:54:03', NULL),
	(163, 2, 52, 1, NULL, NULL, '2023-05-29 02:54:03', '2023-05-29 02:54:03', NULL),
	(164, 2, 53, 1, NULL, NULL, '2023-05-29 02:54:03', '2023-05-29 02:54:03', NULL),
	(165, 2, 54, 1, NULL, NULL, '2023-05-29 02:54:03', '2023-05-29 02:54:03', NULL),
	(166, 2, 55, 1, NULL, NULL, '2023-05-29 02:54:03', '2023-05-29 02:54:03', NULL),
	(167, 2, 56, 1, NULL, NULL, '2023-05-29 02:54:03', '2023-05-29 02:54:03', NULL),
	(168, 2, 57, 1, NULL, NULL, '2023-05-29 02:54:03', '2023-05-29 02:54:03', NULL),
	(169, 2, 58, 1, NULL, NULL, '2023-05-29 02:54:03', '2023-05-29 02:54:03', NULL),
	(170, 2, 59, 1, NULL, NULL, '2023-05-29 02:54:03', '2023-05-29 02:54:03', NULL),
	(171, 2, 60, 1, NULL, NULL, '2023-05-29 02:54:03', '2023-05-29 02:54:03', NULL),
	(172, 2, 61, 1, NULL, NULL, '2023-05-29 02:54:03', '2023-05-29 02:54:03', NULL),
	(173, 2, 62, 1, NULL, NULL, '2023-05-29 02:54:03', '2023-05-29 02:54:03', NULL),
	(174, 2, 63, 1, NULL, NULL, '2023-05-29 02:54:03', '2023-05-29 02:54:03', NULL),
	(175, 2, 64, 1, NULL, NULL, '2023-05-29 02:54:03', '2023-05-29 02:54:03', NULL),
	(176, 2, 65, 1, NULL, NULL, '2023-05-29 02:54:03', '2023-05-29 02:54:03', NULL),
	(177, 2, 66, 1, NULL, NULL, '2023-05-29 02:54:03', '2023-05-29 02:54:03', NULL),
	(178, 2, 67, 1, NULL, NULL, '2023-05-29 02:54:03', '2023-05-29 02:54:03', NULL),
	(179, 2, 68, 1, NULL, NULL, '2023-05-29 02:54:03', '2023-05-29 02:54:03', NULL),
	(180, 2, 69, 1, NULL, NULL, '2023-05-29 02:54:03', '2023-05-29 02:54:03', NULL),
	(181, 2, 70, 1, NULL, NULL, '2023-05-29 02:54:03', '2023-05-29 02:54:03', NULL),
	(182, 2, 71, 1, NULL, NULL, '2023-05-29 02:54:03', '2023-05-29 02:54:03', NULL),
	(183, 2, 72, 1, NULL, NULL, '2023-05-29 02:54:03', '2023-05-29 02:54:03', NULL),
	(184, 2, 73, 1, NULL, NULL, '2023-05-29 02:54:03', '2023-05-29 02:54:03', NULL),
	(185, 2, 74, 1, NULL, NULL, '2023-05-29 02:54:03', '2023-05-29 02:54:03', NULL),
	(186, 2, 75, 1, NULL, NULL, '2023-05-29 02:54:03', '2023-05-29 02:54:03', NULL),
	(187, 2, 76, 1, NULL, NULL, '2023-05-29 02:54:03', '2023-05-29 02:54:03', NULL),
	(188, 2, 77, 1, NULL, NULL, '2023-05-29 02:54:03', '2023-05-29 02:54:03', NULL),
	(189, 2, 78, 1, NULL, NULL, '2023-05-29 02:54:03', '2023-05-29 02:54:03', NULL),
	(190, 2, 79, 1, NULL, NULL, '2023-05-29 02:54:03', '2023-05-29 02:54:03', NULL),
	(191, 2, 80, 1, NULL, NULL, '2023-05-29 02:54:03', '2023-05-29 02:54:03', NULL),
	(192, 2, 81, 1, NULL, NULL, '2023-05-29 02:54:03', '2023-05-29 02:54:03', NULL),
	(193, 2, 82, 1, NULL, NULL, '2023-05-29 02:54:03', '2023-05-29 02:54:03', NULL),
	(194, 2, 83, 1, NULL, NULL, '2023-05-29 02:54:03', '2023-05-29 02:54:03', NULL),
	(195, 2, 84, 1, NULL, NULL, '2023-05-29 02:54:03', '2023-05-29 02:54:03', NULL),
	(196, 2, 85, 1, NULL, NULL, '2023-05-29 02:54:03', '2023-05-29 02:54:03', NULL),
	(197, 2, 86, 1, NULL, NULL, '2023-05-29 02:54:03', '2023-05-29 02:54:03', NULL),
	(198, 2, 87, 1, NULL, NULL, '2023-05-29 02:54:03', '2023-05-29 02:54:03', NULL),
	(199, 2, 88, 1, NULL, NULL, '2023-05-29 02:54:03', '2023-05-29 02:54:03', NULL),
	(200, 2, 89, 1, NULL, NULL, '2023-05-29 02:54:03', '2023-05-29 02:54:03', NULL),
	(201, 2, 90, 1, NULL, NULL, '2023-05-29 02:54:03', '2023-05-29 02:54:03', NULL),
	(202, 2, 91, 1, NULL, NULL, '2023-05-29 02:54:03', '2023-05-29 02:54:03', NULL),
	(203, 2, 92, 1, NULL, NULL, '2023-05-29 02:54:03', '2023-05-29 02:54:03', NULL),
	(204, 2, 93, 1, NULL, NULL, '2023-05-29 02:54:03', '2023-05-29 02:54:03', NULL),
	(205, 2, 94, 1, NULL, NULL, '2023-05-29 02:54:03', '2023-05-29 02:54:03', NULL),
	(206, 2, 95, 1, NULL, NULL, '2023-05-29 02:54:03', '2023-05-29 02:54:03', NULL),
	(207, 2, 96, 1, NULL, NULL, '2023-05-29 02:54:03', '2023-05-29 02:54:03', NULL),
	(208, 2, 97, 1, NULL, NULL, '2023-05-29 02:54:03', '2023-05-29 02:54:03', NULL),
	(209, 2, 98, 1, NULL, NULL, '2023-05-29 02:54:03', '2023-05-29 02:54:03', NULL),
	(210, 2, 99, 1, NULL, NULL, '2023-05-29 02:54:03', '2023-05-29 02:54:03', NULL),
	(211, 2, 100, 1, NULL, NULL, '2023-05-29 02:54:03', '2023-05-29 02:54:03', NULL),
	(212, 2, 101, 1, NULL, NULL, '2023-05-29 02:54:03', '2023-05-29 02:54:03', NULL),
	(213, 2, 102, 1, NULL, NULL, '2023-05-29 02:54:03', '2023-05-29 02:54:03', NULL),
	(214, 2, 103, 1, NULL, NULL, '2023-05-29 02:54:03', '2023-05-29 02:54:03', NULL),
	(215, 2, 104, 1, NULL, NULL, '2023-05-29 02:54:03', '2023-05-29 02:54:03', NULL),
	(216, 2, 105, 1, NULL, NULL, '2023-05-29 02:54:03', '2023-05-29 02:54:03', NULL),
	(217, 2, 106, 1, NULL, NULL, '2023-05-29 02:54:03', '2023-05-29 02:54:03', NULL),
	(218, 2, 107, 1, NULL, NULL, '2023-05-29 02:54:03', '2023-05-29 02:54:03', NULL),
	(219, 2, 108, 1, NULL, NULL, '2023-05-29 02:54:03', '2023-05-29 02:54:03', NULL),
	(220, 2, 109, 1, NULL, NULL, '2023-05-29 02:54:03', '2023-05-29 02:54:03', NULL),
	(221, 2, 110, 1, NULL, NULL, '2023-05-29 02:54:03', '2023-05-29 02:54:03', NULL),
	(222, 2, 111, 1, NULL, NULL, '2023-05-29 02:54:03', '2023-05-29 02:54:03', NULL);

-- Dumping data for table hris_kpt.salary_adjustment_detail_histories: ~0 rows (approximately)
INSERT INTO `salary_adjustment_detail_histories` (`id`, `salary_adjustment_id`, `employee_id`, `type_amount`, `amount`, `created_by`, `updated_by`, `deleted_by`, `created_at`, `updated_at`, `deleted_at`) VALUES
	(1, 1, 1, 'nominal', 10000, 1, NULL, NULL, '2023-05-29 02:53:44', '2023-05-29 02:53:44', NULL),
	(2, 1, 2, 'nominal', 10000, 1, NULL, NULL, '2023-05-29 02:53:44', '2023-05-29 02:53:44', NULL),
	(3, 1, 3, 'nominal', 10000, 1, NULL, NULL, '2023-05-29 02:53:44', '2023-05-29 02:53:44', NULL),
	(4, 1, 4, 'nominal', 10000, 1, NULL, NULL, '2023-05-29 02:53:44', '2023-05-29 02:53:44', NULL),
	(5, 1, 5, 'nominal', 10000, 1, NULL, NULL, '2023-05-29 02:53:44', '2023-05-29 02:53:44', NULL),
	(6, 1, 6, 'nominal', 10000, 1, NULL, NULL, '2023-05-29 02:53:44', '2023-05-29 02:53:44', NULL),
	(7, 1, 7, 'nominal', 10000, 1, NULL, NULL, '2023-05-29 02:53:44', '2023-05-29 02:53:44', NULL),
	(8, 1, 8, 'nominal', 10000, 1, NULL, NULL, '2023-05-29 02:53:44', '2023-05-29 02:53:44', NULL),
	(9, 1, 9, 'nominal', 10000, 1, NULL, NULL, '2023-05-29 02:53:44', '2023-05-29 02:53:44', NULL),
	(10, 1, 10, 'nominal', 10000, 1, NULL, NULL, '2023-05-29 02:53:44', '2023-05-29 02:53:44', NULL),
	(11, 1, 11, 'nominal', 10000, 1, NULL, NULL, '2023-05-29 02:53:44', '2023-05-29 02:53:44', NULL),
	(12, 1, 12, 'nominal', 10000, 1, NULL, NULL, '2023-05-29 02:53:44', '2023-05-29 02:53:44', NULL),
	(13, 1, 13, 'nominal', 10000, 1, NULL, NULL, '2023-05-29 02:53:44', '2023-05-29 02:53:44', NULL),
	(14, 1, 14, 'nominal', 10000, 1, NULL, NULL, '2023-05-29 02:53:44', '2023-05-29 02:53:44', NULL),
	(15, 1, 15, 'nominal', 10000, 1, NULL, NULL, '2023-05-29 02:53:44', '2023-05-29 02:53:44', NULL),
	(16, 1, 16, 'nominal', 10000, 1, NULL, NULL, '2023-05-29 02:53:44', '2023-05-29 02:53:44', NULL),
	(17, 1, 17, 'nominal', 10000, 1, NULL, NULL, '2023-05-29 02:53:44', '2023-05-29 02:53:44', NULL),
	(18, 1, 18, 'nominal', 10000, 1, NULL, NULL, '2023-05-29 02:53:44', '2023-05-29 02:53:44', NULL),
	(19, 1, 19, 'nominal', 10000, 1, NULL, NULL, '2023-05-29 02:53:44', '2023-05-29 02:53:44', NULL),
	(20, 1, 20, 'nominal', 10000, 1, NULL, NULL, '2023-05-29 02:53:44', '2023-05-29 02:53:44', NULL),
	(21, 1, 21, 'nominal', 10000, 1, NULL, NULL, '2023-05-29 02:53:44', '2023-05-29 02:53:44', NULL),
	(22, 1, 22, 'nominal', 10000, 1, NULL, NULL, '2023-05-29 02:53:44', '2023-05-29 02:53:44', NULL),
	(23, 1, 23, 'nominal', 10000, 1, NULL, NULL, '2023-05-29 02:53:44', '2023-05-29 02:53:44', NULL),
	(24, 1, 24, 'nominal', 10000, 1, NULL, NULL, '2023-05-29 02:53:44', '2023-05-29 02:53:44', NULL),
	(25, 1, 25, 'nominal', 10000, 1, NULL, NULL, '2023-05-29 02:53:44', '2023-05-29 02:53:44', NULL),
	(26, 1, 26, 'nominal', 10000, 1, NULL, NULL, '2023-05-29 02:53:44', '2023-05-29 02:53:44', NULL),
	(27, 1, 27, 'nominal', 10000, 1, NULL, NULL, '2023-05-29 02:53:44', '2023-05-29 02:53:44', NULL),
	(28, 1, 28, 'nominal', 10000, 1, NULL, NULL, '2023-05-29 02:53:44', '2023-05-29 02:53:44', NULL),
	(29, 1, 29, 'nominal', 10000, 1, NULL, NULL, '2023-05-29 02:53:44', '2023-05-29 02:53:44', NULL),
	(30, 1, 30, 'nominal', 10000, 1, NULL, NULL, '2023-05-29 02:53:44', '2023-05-29 02:53:44', NULL),
	(31, 1, 31, 'nominal', 10000, 1, NULL, NULL, '2023-05-29 02:53:44', '2023-05-29 02:53:44', NULL),
	(32, 1, 32, 'nominal', 10000, 1, NULL, NULL, '2023-05-29 02:53:44', '2023-05-29 02:53:44', NULL),
	(33, 1, 33, 'nominal', 10000, 1, NULL, NULL, '2023-05-29 02:53:44', '2023-05-29 02:53:44', NULL),
	(34, 1, 34, 'nominal', 10000, 1, NULL, NULL, '2023-05-29 02:53:44', '2023-05-29 02:53:44', NULL),
	(35, 1, 35, 'nominal', 10000, 1, NULL, NULL, '2023-05-29 02:53:44', '2023-05-29 02:53:44', NULL),
	(36, 1, 36, 'nominal', 10000, 1, NULL, NULL, '2023-05-29 02:53:44', '2023-05-29 02:53:44', NULL),
	(37, 1, 37, 'nominal', 10000, 1, NULL, NULL, '2023-05-29 02:53:44', '2023-05-29 02:53:44', NULL),
	(38, 1, 38, 'nominal', 10000, 1, NULL, NULL, '2023-05-29 02:53:44', '2023-05-29 02:53:44', NULL),
	(39, 1, 39, 'nominal', 10000, 1, NULL, NULL, '2023-05-29 02:53:44', '2023-05-29 02:53:44', NULL),
	(40, 1, 40, 'nominal', 10000, 1, NULL, NULL, '2023-05-29 02:53:44', '2023-05-29 02:53:44', NULL),
	(41, 1, 41, 'nominal', 10000, 1, NULL, NULL, '2023-05-29 02:53:44', '2023-05-29 02:53:44', NULL),
	(42, 1, 42, 'nominal', 10000, 1, NULL, NULL, '2023-05-29 02:53:44', '2023-05-29 02:53:44', NULL),
	(43, 1, 43, 'nominal', 10000, 1, NULL, NULL, '2023-05-29 02:53:44', '2023-05-29 02:53:44', NULL),
	(44, 1, 44, 'nominal', 10000, 1, NULL, NULL, '2023-05-29 02:53:44', '2023-05-29 02:53:44', NULL),
	(45, 1, 45, 'nominal', 10000, 1, NULL, NULL, '2023-05-29 02:53:44', '2023-05-29 02:53:44', NULL),
	(46, 1, 46, 'nominal', 10000, 1, NULL, NULL, '2023-05-29 02:53:44', '2023-05-29 02:53:44', NULL),
	(47, 1, 47, 'nominal', 10000, 1, NULL, NULL, '2023-05-29 02:53:44', '2023-05-29 02:53:44', NULL),
	(48, 1, 48, 'nominal', 10000, 1, NULL, NULL, '2023-05-29 02:53:44', '2023-05-29 02:53:44', NULL),
	(49, 1, 49, 'nominal', 10000, 1, NULL, NULL, '2023-05-29 02:53:44', '2023-05-29 02:53:44', NULL),
	(50, 1, 50, 'nominal', 10000, 1, NULL, NULL, '2023-05-29 02:53:44', '2023-05-29 02:53:44', NULL),
	(51, 1, 51, 'nominal', 10000, 1, NULL, NULL, '2023-05-29 02:53:44', '2023-05-29 02:53:44', NULL),
	(52, 1, 52, 'nominal', 10000, 1, NULL, NULL, '2023-05-29 02:53:44', '2023-05-29 02:53:44', NULL),
	(53, 1, 53, 'nominal', 10000, 1, NULL, NULL, '2023-05-29 02:53:44', '2023-05-29 02:53:44', NULL),
	(54, 1, 54, 'nominal', 10000, 1, NULL, NULL, '2023-05-29 02:53:44', '2023-05-29 02:53:44', NULL),
	(55, 1, 55, 'nominal', 10000, 1, NULL, NULL, '2023-05-29 02:53:44', '2023-05-29 02:53:44', NULL),
	(56, 1, 56, 'nominal', 10000, 1, NULL, NULL, '2023-05-29 02:53:44', '2023-05-29 02:53:44', NULL),
	(57, 1, 57, 'nominal', 10000, 1, NULL, NULL, '2023-05-29 02:53:44', '2023-05-29 02:53:44', NULL),
	(58, 1, 58, 'nominal', 10000, 1, NULL, NULL, '2023-05-29 02:53:44', '2023-05-29 02:53:44', NULL),
	(59, 1, 59, 'nominal', 10000, 1, NULL, NULL, '2023-05-29 02:53:44', '2023-05-29 02:53:44', NULL),
	(60, 1, 60, 'nominal', 10000, 1, NULL, NULL, '2023-05-29 02:53:44', '2023-05-29 02:53:44', NULL),
	(61, 1, 61, 'nominal', 10000, 1, NULL, NULL, '2023-05-29 02:53:44', '2023-05-29 02:53:44', NULL),
	(62, 1, 62, 'nominal', 10000, 1, NULL, NULL, '2023-05-29 02:53:44', '2023-05-29 02:53:44', NULL),
	(63, 1, 63, 'nominal', 10000, 1, NULL, NULL, '2023-05-29 02:53:44', '2023-05-29 02:53:44', NULL),
	(64, 1, 64, 'nominal', 10000, 1, NULL, NULL, '2023-05-29 02:53:44', '2023-05-29 02:53:44', NULL),
	(65, 1, 65, 'nominal', 10000, 1, NULL, NULL, '2023-05-29 02:53:44', '2023-05-29 02:53:44', NULL),
	(66, 1, 66, 'nominal', 10000, 1, NULL, NULL, '2023-05-29 02:53:44', '2023-05-29 02:53:44', NULL),
	(67, 1, 67, 'nominal', 10000, 1, NULL, NULL, '2023-05-29 02:53:44', '2023-05-29 02:53:44', NULL),
	(68, 1, 68, 'nominal', 10000, 1, NULL, NULL, '2023-05-29 02:53:44', '2023-05-29 02:53:44', NULL),
	(69, 1, 69, 'nominal', 10000, 1, NULL, NULL, '2023-05-29 02:53:44', '2023-05-29 02:53:44', NULL),
	(70, 1, 70, 'nominal', 10000, 1, NULL, NULL, '2023-05-29 02:53:44', '2023-05-29 02:53:44', NULL),
	(71, 1, 71, 'nominal', 10000, 1, NULL, NULL, '2023-05-29 02:53:44', '2023-05-29 02:53:44', NULL),
	(72, 1, 72, 'nominal', 10000, 1, NULL, NULL, '2023-05-29 02:53:44', '2023-05-29 02:53:44', NULL),
	(73, 1, 73, 'nominal', 10000, 1, NULL, NULL, '2023-05-29 02:53:44', '2023-05-29 02:53:44', NULL),
	(74, 1, 74, 'nominal', 10000, 1, NULL, NULL, '2023-05-29 02:53:44', '2023-05-29 02:53:44', NULL),
	(75, 1, 75, 'nominal', 10000, 1, NULL, NULL, '2023-05-29 02:53:44', '2023-05-29 02:53:44', NULL),
	(76, 1, 76, 'nominal', 10000, 1, NULL, NULL, '2023-05-29 02:53:44', '2023-05-29 02:53:44', NULL),
	(77, 1, 77, 'nominal', 10000, 1, NULL, NULL, '2023-05-29 02:53:44', '2023-05-29 02:53:44', NULL),
	(78, 1, 78, 'nominal', 10000, 1, NULL, NULL, '2023-05-29 02:53:44', '2023-05-29 02:53:44', NULL),
	(79, 1, 79, 'nominal', 10000, 1, NULL, NULL, '2023-05-29 02:53:44', '2023-05-29 02:53:44', NULL),
	(80, 1, 80, 'nominal', 10000, 1, NULL, NULL, '2023-05-29 02:53:44', '2023-05-29 02:53:44', NULL),
	(81, 1, 81, 'nominal', 10000, 1, NULL, NULL, '2023-05-29 02:53:44', '2023-05-29 02:53:44', NULL),
	(82, 1, 82, 'nominal', 10000, 1, NULL, NULL, '2023-05-29 02:53:44', '2023-05-29 02:53:44', NULL),
	(83, 1, 83, 'nominal', 10000, 1, NULL, NULL, '2023-05-29 02:53:44', '2023-05-29 02:53:44', NULL),
	(84, 1, 84, 'nominal', 10000, 1, NULL, NULL, '2023-05-29 02:53:44', '2023-05-29 02:53:44', NULL),
	(85, 1, 85, 'nominal', 10000, 1, NULL, NULL, '2023-05-29 02:53:44', '2023-05-29 02:53:44', NULL),
	(86, 1, 86, 'nominal', 10000, 1, NULL, NULL, '2023-05-29 02:53:44', '2023-05-29 02:53:44', NULL),
	(87, 1, 87, 'nominal', 10000, 1, NULL, NULL, '2023-05-29 02:53:44', '2023-05-29 02:53:44', NULL),
	(88, 1, 88, 'nominal', 10000, 1, NULL, NULL, '2023-05-29 02:53:44', '2023-05-29 02:53:44', NULL),
	(89, 1, 89, 'nominal', 10000, 1, NULL, NULL, '2023-05-29 02:53:44', '2023-05-29 02:53:44', NULL),
	(90, 1, 90, 'nominal', 10000, 1, NULL, NULL, '2023-05-29 02:53:44', '2023-05-29 02:53:44', NULL),
	(91, 1, 91, 'nominal', 10000, 1, NULL, NULL, '2023-05-29 02:53:44', '2023-05-29 02:53:44', NULL),
	(92, 1, 92, 'nominal', 10000, 1, NULL, NULL, '2023-05-29 02:53:44', '2023-05-29 02:53:44', NULL),
	(93, 1, 93, 'nominal', 10000, 1, NULL, NULL, '2023-05-29 02:53:44', '2023-05-29 02:53:44', NULL),
	(94, 1, 94, 'nominal', 10000, 1, NULL, NULL, '2023-05-29 02:53:44', '2023-05-29 02:53:44', NULL),
	(95, 1, 95, 'nominal', 10000, 1, NULL, NULL, '2023-05-29 02:53:44', '2023-05-29 02:53:44', NULL),
	(96, 1, 96, 'nominal', 10000, 1, NULL, NULL, '2023-05-29 02:53:44', '2023-05-29 02:53:44', NULL),
	(97, 1, 97, 'nominal', 10000, 1, NULL, NULL, '2023-05-29 02:53:44', '2023-05-29 02:53:44', NULL),
	(98, 1, 98, 'nominal', 10000, 1, NULL, NULL, '2023-05-29 02:53:44', '2023-05-29 02:53:44', NULL),
	(99, 1, 99, 'nominal', 10000, 1, NULL, NULL, '2023-05-29 02:53:44', '2023-05-29 02:53:44', NULL),
	(100, 1, 100, 'nominal', 10000, 1, NULL, NULL, '2023-05-29 02:53:44', '2023-05-29 02:53:44', NULL),
	(101, 1, 101, 'nominal', 10000, 1, NULL, NULL, '2023-05-29 02:53:44', '2023-05-29 02:53:44', NULL),
	(102, 1, 102, 'nominal', 10000, 1, NULL, NULL, '2023-05-29 02:53:44', '2023-05-29 02:53:44', NULL),
	(103, 1, 103, 'nominal', 10000, 1, NULL, NULL, '2023-05-29 02:53:44', '2023-05-29 02:53:44', NULL),
	(104, 1, 104, 'nominal', 10000, 1, NULL, NULL, '2023-05-29 02:53:44', '2023-05-29 02:53:44', NULL),
	(105, 1, 105, 'nominal', 10000, 1, NULL, NULL, '2023-05-29 02:53:44', '2023-05-29 02:53:44', NULL),
	(106, 1, 106, 'nominal', 10000, 1, NULL, NULL, '2023-05-29 02:53:44', '2023-05-29 02:53:44', NULL),
	(107, 1, 107, 'nominal', 10000, 1, NULL, NULL, '2023-05-29 02:53:44', '2023-05-29 02:53:44', NULL),
	(108, 1, 108, 'nominal', 10000, 1, NULL, NULL, '2023-05-29 02:53:44', '2023-05-29 02:53:44', NULL),
	(109, 1, 109, 'nominal', 10000, 1, NULL, NULL, '2023-05-29 02:53:44', '2023-05-29 02:53:44', NULL),
	(110, 1, 110, 'nominal', 10000, 1, NULL, NULL, '2023-05-29 02:53:44', '2023-05-29 02:53:44', NULL),
	(111, 1, 111, 'nominal', 10000, 1, NULL, NULL, '2023-05-29 02:53:44', '2023-05-29 02:53:44', NULL),
	(112, 2, 1, 'nominal', 12000, 1, NULL, NULL, '2023-05-29 02:54:02', '2023-05-29 02:54:02', NULL),
	(113, 2, 2, 'nominal', 12000, 1, NULL, NULL, '2023-05-29 02:54:02', '2023-05-29 02:54:02', NULL),
	(114, 2, 3, 'nominal', 12000, 1, NULL, NULL, '2023-05-29 02:54:02', '2023-05-29 02:54:02', NULL),
	(115, 2, 4, 'nominal', 12000, 1, NULL, NULL, '2023-05-29 02:54:02', '2023-05-29 02:54:02', NULL),
	(116, 2, 5, 'nominal', 12000, 1, NULL, NULL, '2023-05-29 02:54:02', '2023-05-29 02:54:02', NULL),
	(117, 2, 6, 'nominal', 12000, 1, NULL, NULL, '2023-05-29 02:54:02', '2023-05-29 02:54:02', NULL),
	(118, 2, 7, 'nominal', 12000, 1, NULL, NULL, '2023-05-29 02:54:02', '2023-05-29 02:54:02', NULL),
	(119, 2, 8, 'nominal', 12000, 1, NULL, NULL, '2023-05-29 02:54:02', '2023-05-29 02:54:02', NULL),
	(120, 2, 9, 'nominal', 12000, 1, NULL, NULL, '2023-05-29 02:54:02', '2023-05-29 02:54:02', NULL),
	(121, 2, 10, 'nominal', 12000, 1, NULL, NULL, '2023-05-29 02:54:02', '2023-05-29 02:54:02', NULL),
	(122, 2, 11, 'nominal', 12000, 1, NULL, NULL, '2023-05-29 02:54:02', '2023-05-29 02:54:02', NULL),
	(123, 2, 12, 'nominal', 12000, 1, NULL, NULL, '2023-05-29 02:54:02', '2023-05-29 02:54:02', NULL),
	(124, 2, 13, 'nominal', 12000, 1, NULL, NULL, '2023-05-29 02:54:02', '2023-05-29 02:54:02', NULL),
	(125, 2, 14, 'nominal', 12000, 1, NULL, NULL, '2023-05-29 02:54:02', '2023-05-29 02:54:02', NULL),
	(126, 2, 15, 'nominal', 12000, 1, NULL, NULL, '2023-05-29 02:54:02', '2023-05-29 02:54:02', NULL),
	(127, 2, 16, 'nominal', 12000, 1, NULL, NULL, '2023-05-29 02:54:02', '2023-05-29 02:54:02', NULL),
	(128, 2, 17, 'nominal', 12000, 1, NULL, NULL, '2023-05-29 02:54:02', '2023-05-29 02:54:02', NULL),
	(129, 2, 18, 'nominal', 12000, 1, NULL, NULL, '2023-05-29 02:54:02', '2023-05-29 02:54:02', NULL),
	(130, 2, 19, 'nominal', 12000, 1, NULL, NULL, '2023-05-29 02:54:02', '2023-05-29 02:54:02', NULL),
	(131, 2, 20, 'nominal', 12000, 1, NULL, NULL, '2023-05-29 02:54:02', '2023-05-29 02:54:02', NULL),
	(132, 2, 21, 'nominal', 12000, 1, NULL, NULL, '2023-05-29 02:54:02', '2023-05-29 02:54:02', NULL),
	(133, 2, 22, 'nominal', 12000, 1, NULL, NULL, '2023-05-29 02:54:02', '2023-05-29 02:54:02', NULL),
	(134, 2, 23, 'nominal', 12000, 1, NULL, NULL, '2023-05-29 02:54:02', '2023-05-29 02:54:02', NULL),
	(135, 2, 24, 'nominal', 12000, 1, NULL, NULL, '2023-05-29 02:54:02', '2023-05-29 02:54:02', NULL),
	(136, 2, 25, 'nominal', 12000, 1, NULL, NULL, '2023-05-29 02:54:02', '2023-05-29 02:54:02', NULL),
	(137, 2, 26, 'nominal', 12000, 1, NULL, NULL, '2023-05-29 02:54:02', '2023-05-29 02:54:02', NULL),
	(138, 2, 27, 'nominal', 12000, 1, NULL, NULL, '2023-05-29 02:54:02', '2023-05-29 02:54:02', NULL),
	(139, 2, 28, 'nominal', 12000, 1, NULL, NULL, '2023-05-29 02:54:02', '2023-05-29 02:54:02', NULL),
	(140, 2, 29, 'nominal', 12000, 1, NULL, NULL, '2023-05-29 02:54:02', '2023-05-29 02:54:02', NULL),
	(141, 2, 30, 'nominal', 12000, 1, NULL, NULL, '2023-05-29 02:54:02', '2023-05-29 02:54:02', NULL),
	(142, 2, 31, 'nominal', 12000, 1, NULL, NULL, '2023-05-29 02:54:02', '2023-05-29 02:54:02', NULL),
	(143, 2, 32, 'nominal', 12000, 1, NULL, NULL, '2023-05-29 02:54:02', '2023-05-29 02:54:02', NULL),
	(144, 2, 33, 'nominal', 12000, 1, NULL, NULL, '2023-05-29 02:54:02', '2023-05-29 02:54:02', NULL),
	(145, 2, 34, 'nominal', 12000, 1, NULL, NULL, '2023-05-29 02:54:02', '2023-05-29 02:54:02', NULL),
	(146, 2, 35, 'nominal', 12000, 1, NULL, NULL, '2023-05-29 02:54:02', '2023-05-29 02:54:02', NULL),
	(147, 2, 36, 'nominal', 12000, 1, NULL, NULL, '2023-05-29 02:54:02', '2023-05-29 02:54:02', NULL),
	(148, 2, 37, 'nominal', 12000, 1, NULL, NULL, '2023-05-29 02:54:03', '2023-05-29 02:54:03', NULL),
	(149, 2, 38, 'nominal', 12000, 1, NULL, NULL, '2023-05-29 02:54:03', '2023-05-29 02:54:03', NULL),
	(150, 2, 39, 'nominal', 12000, 1, NULL, NULL, '2023-05-29 02:54:03', '2023-05-29 02:54:03', NULL),
	(151, 2, 40, 'nominal', 12000, 1, NULL, NULL, '2023-05-29 02:54:03', '2023-05-29 02:54:03', NULL),
	(152, 2, 41, 'nominal', 12000, 1, NULL, NULL, '2023-05-29 02:54:03', '2023-05-29 02:54:03', NULL),
	(153, 2, 42, 'nominal', 12000, 1, NULL, NULL, '2023-05-29 02:54:03', '2023-05-29 02:54:03', NULL),
	(154, 2, 43, 'nominal', 12000, 1, NULL, NULL, '2023-05-29 02:54:03', '2023-05-29 02:54:03', NULL),
	(155, 2, 44, 'nominal', 12000, 1, NULL, NULL, '2023-05-29 02:54:03', '2023-05-29 02:54:03', NULL),
	(156, 2, 45, 'nominal', 12000, 1, NULL, NULL, '2023-05-29 02:54:03', '2023-05-29 02:54:03', NULL),
	(157, 2, 46, 'nominal', 12000, 1, NULL, NULL, '2023-05-29 02:54:03', '2023-05-29 02:54:03', NULL),
	(158, 2, 47, 'nominal', 12000, 1, NULL, NULL, '2023-05-29 02:54:03', '2023-05-29 02:54:03', NULL),
	(159, 2, 48, 'nominal', 12000, 1, NULL, NULL, '2023-05-29 02:54:03', '2023-05-29 02:54:03', NULL),
	(160, 2, 49, 'nominal', 12000, 1, NULL, NULL, '2023-05-29 02:54:03', '2023-05-29 02:54:03', NULL),
	(161, 2, 50, 'nominal', 12000, 1, NULL, NULL, '2023-05-29 02:54:03', '2023-05-29 02:54:03', NULL),
	(162, 2, 51, 'nominal', 12000, 1, NULL, NULL, '2023-05-29 02:54:03', '2023-05-29 02:54:03', NULL),
	(163, 2, 52, 'nominal', 12000, 1, NULL, NULL, '2023-05-29 02:54:03', '2023-05-29 02:54:03', NULL),
	(164, 2, 53, 'nominal', 12000, 1, NULL, NULL, '2023-05-29 02:54:03', '2023-05-29 02:54:03', NULL),
	(165, 2, 54, 'nominal', 12000, 1, NULL, NULL, '2023-05-29 02:54:03', '2023-05-29 02:54:03', NULL),
	(166, 2, 55, 'nominal', 12000, 1, NULL, NULL, '2023-05-29 02:54:03', '2023-05-29 02:54:03', NULL),
	(167, 2, 56, 'nominal', 12000, 1, NULL, NULL, '2023-05-29 02:54:03', '2023-05-29 02:54:03', NULL),
	(168, 2, 57, 'nominal', 12000, 1, NULL, NULL, '2023-05-29 02:54:03', '2023-05-29 02:54:03', NULL),
	(169, 2, 58, 'nominal', 12000, 1, NULL, NULL, '2023-05-29 02:54:03', '2023-05-29 02:54:03', NULL),
	(170, 2, 59, 'nominal', 12000, 1, NULL, NULL, '2023-05-29 02:54:03', '2023-05-29 02:54:03', NULL),
	(171, 2, 60, 'nominal', 12000, 1, NULL, NULL, '2023-05-29 02:54:03', '2023-05-29 02:54:03', NULL),
	(172, 2, 61, 'nominal', 12000, 1, NULL, NULL, '2023-05-29 02:54:03', '2023-05-29 02:54:03', NULL),
	(173, 2, 62, 'nominal', 12000, 1, NULL, NULL, '2023-05-29 02:54:03', '2023-05-29 02:54:03', NULL),
	(174, 2, 63, 'nominal', 12000, 1, NULL, NULL, '2023-05-29 02:54:03', '2023-05-29 02:54:03', NULL),
	(175, 2, 64, 'nominal', 12000, 1, NULL, NULL, '2023-05-29 02:54:03', '2023-05-29 02:54:03', NULL),
	(176, 2, 65, 'nominal', 12000, 1, NULL, NULL, '2023-05-29 02:54:03', '2023-05-29 02:54:03', NULL),
	(177, 2, 66, 'nominal', 12000, 1, NULL, NULL, '2023-05-29 02:54:03', '2023-05-29 02:54:03', NULL),
	(178, 2, 67, 'nominal', 12000, 1, NULL, NULL, '2023-05-29 02:54:03', '2023-05-29 02:54:03', NULL),
	(179, 2, 68, 'nominal', 12000, 1, NULL, NULL, '2023-05-29 02:54:03', '2023-05-29 02:54:03', NULL),
	(180, 2, 69, 'nominal', 12000, 1, NULL, NULL, '2023-05-29 02:54:03', '2023-05-29 02:54:03', NULL),
	(181, 2, 70, 'nominal', 12000, 1, NULL, NULL, '2023-05-29 02:54:03', '2023-05-29 02:54:03', NULL),
	(182, 2, 71, 'nominal', 12000, 1, NULL, NULL, '2023-05-29 02:54:03', '2023-05-29 02:54:03', NULL),
	(183, 2, 72, 'nominal', 12000, 1, NULL, NULL, '2023-05-29 02:54:03', '2023-05-29 02:54:03', NULL),
	(184, 2, 73, 'nominal', 12000, 1, NULL, NULL, '2023-05-29 02:54:03', '2023-05-29 02:54:03', NULL),
	(185, 2, 74, 'nominal', 12000, 1, NULL, NULL, '2023-05-29 02:54:03', '2023-05-29 02:54:03', NULL),
	(186, 2, 75, 'nominal', 12000, 1, NULL, NULL, '2023-05-29 02:54:03', '2023-05-29 02:54:03', NULL),
	(187, 2, 76, 'nominal', 12000, 1, NULL, NULL, '2023-05-29 02:54:03', '2023-05-29 02:54:03', NULL),
	(188, 2, 77, 'nominal', 12000, 1, NULL, NULL, '2023-05-29 02:54:03', '2023-05-29 02:54:03', NULL),
	(189, 2, 78, 'nominal', 12000, 1, NULL, NULL, '2023-05-29 02:54:03', '2023-05-29 02:54:03', NULL),
	(190, 2, 79, 'nominal', 12000, 1, NULL, NULL, '2023-05-29 02:54:03', '2023-05-29 02:54:03', NULL),
	(191, 2, 80, 'nominal', 12000, 1, NULL, NULL, '2023-05-29 02:54:03', '2023-05-29 02:54:03', NULL),
	(192, 2, 81, 'nominal', 12000, 1, NULL, NULL, '2023-05-29 02:54:03', '2023-05-29 02:54:03', NULL),
	(193, 2, 82, 'nominal', 12000, 1, NULL, NULL, '2023-05-29 02:54:03', '2023-05-29 02:54:03', NULL),
	(194, 2, 83, 'nominal', 12000, 1, NULL, NULL, '2023-05-29 02:54:03', '2023-05-29 02:54:03', NULL),
	(195, 2, 84, 'nominal', 12000, 1, NULL, NULL, '2023-05-29 02:54:03', '2023-05-29 02:54:03', NULL),
	(196, 2, 85, 'nominal', 12000, 1, NULL, NULL, '2023-05-29 02:54:03', '2023-05-29 02:54:03', NULL),
	(197, 2, 86, 'nominal', 12000, 1, NULL, NULL, '2023-05-29 02:54:03', '2023-05-29 02:54:03', NULL),
	(198, 2, 87, 'nominal', 12000, 1, NULL, NULL, '2023-05-29 02:54:03', '2023-05-29 02:54:03', NULL),
	(199, 2, 88, 'nominal', 12000, 1, NULL, NULL, '2023-05-29 02:54:03', '2023-05-29 02:54:03', NULL),
	(200, 2, 89, 'nominal', 12000, 1, NULL, NULL, '2023-05-29 02:54:03', '2023-05-29 02:54:03', NULL),
	(201, 2, 90, 'nominal', 12000, 1, NULL, NULL, '2023-05-29 02:54:03', '2023-05-29 02:54:03', NULL),
	(202, 2, 91, 'nominal', 12000, 1, NULL, NULL, '2023-05-29 02:54:03', '2023-05-29 02:54:03', NULL),
	(203, 2, 92, 'nominal', 12000, 1, NULL, NULL, '2023-05-29 02:54:03', '2023-05-29 02:54:03', NULL),
	(204, 2, 93, 'nominal', 12000, 1, NULL, NULL, '2023-05-29 02:54:03', '2023-05-29 02:54:03', NULL),
	(205, 2, 94, 'nominal', 12000, 1, NULL, NULL, '2023-05-29 02:54:03', '2023-05-29 02:54:03', NULL),
	(206, 2, 95, 'nominal', 12000, 1, NULL, NULL, '2023-05-29 02:54:03', '2023-05-29 02:54:03', NULL),
	(207, 2, 96, 'nominal', 12000, 1, NULL, NULL, '2023-05-29 02:54:03', '2023-05-29 02:54:03', NULL),
	(208, 2, 97, 'nominal', 12000, 1, NULL, NULL, '2023-05-29 02:54:03', '2023-05-29 02:54:03', NULL),
	(209, 2, 98, 'nominal', 12000, 1, NULL, NULL, '2023-05-29 02:54:03', '2023-05-29 02:54:03', NULL),
	(210, 2, 99, 'nominal', 12000, 1, NULL, NULL, '2023-05-29 02:54:03', '2023-05-29 02:54:03', NULL),
	(211, 2, 100, 'nominal', 12000, 1, NULL, NULL, '2023-05-29 02:54:03', '2023-05-29 02:54:03', NULL),
	(212, 2, 101, 'nominal', 12000, 1, NULL, NULL, '2023-05-29 02:54:03', '2023-05-29 02:54:03', NULL),
	(213, 2, 102, 'nominal', 12000, 1, NULL, NULL, '2023-05-29 02:54:03', '2023-05-29 02:54:03', NULL),
	(214, 2, 103, 'nominal', 12000, 1, NULL, NULL, '2023-05-29 02:54:03', '2023-05-29 02:54:03', NULL),
	(215, 2, 104, 'nominal', 12000, 1, NULL, NULL, '2023-05-29 02:54:03', '2023-05-29 02:54:03', NULL),
	(216, 2, 105, 'nominal', 12000, 1, NULL, NULL, '2023-05-29 02:54:03', '2023-05-29 02:54:03', NULL),
	(217, 2, 106, 'nominal', 12000, 1, NULL, NULL, '2023-05-29 02:54:03', '2023-05-29 02:54:03', NULL),
	(218, 2, 107, 'nominal', 12000, 1, NULL, NULL, '2023-05-29 02:54:03', '2023-05-29 02:54:03', NULL),
	(219, 2, 108, 'nominal', 12000, 1, NULL, NULL, '2023-05-29 02:54:03', '2023-05-29 02:54:03', NULL),
	(220, 2, 109, 'nominal', 12000, 1, NULL, NULL, '2023-05-29 02:54:03', '2023-05-29 02:54:03', NULL),
	(221, 2, 110, 'nominal', 12000, 1, NULL, NULL, '2023-05-29 02:54:03', '2023-05-29 02:54:03', NULL),
	(222, 2, 111, 'nominal', 12000, 1, NULL, NULL, '2023-05-29 02:54:03', '2023-05-29 02:54:03', NULL);

/*!40103 SET TIME_ZONE=IFNULL(@OLD_TIME_ZONE, 'system') */;
/*!40101 SET SQL_MODE=IFNULL(@OLD_SQL_MODE, '') */;
/*!40014 SET FOREIGN_KEY_CHECKS=IFNULL(@OLD_FOREIGN_KEY_CHECKS, 1) */;
/*!40101 SET CHARACTER_SET_CLIENT=@OLD_CHARACTER_SET_CLIENT */;
/*!40111 SET SQL_NOTES=IFNULL(@OLD_SQL_NOTES, 1) */;
