-- --------------------------------------------------------
-- Host:                         127.0.0.1
-- Server version:               5.7.33 - MySQL Community Server (GPL)
-- Server OS:                    Win64
-- HeidiSQL Version:             12.0.0.6468
-- --------------------------------------------------------

/*!40101 SET @OLD_CHARACTER_SET_CLIENT=@@CHARACTER_SET_CLIENT */;
/*!40101 SET NAMES utf8 */;
/*!50503 SET NAMES utf8mb4 */;
/*!40103 SET @OLD_TIME_ZONE=@@TIME_ZONE */;
/*!40103 SET TIME_ZONE='+00:00' */;
/*!40014 SET @OLD_FOREIGN_KEY_CHECKS=@@FOREIGN_KEY_CHECKS, FOREIGN_KEY_CHECKS=0 */;
/*!40101 SET @OLD_SQL_MODE=@@SQL_MODE, SQL_MODE='NO_AUTO_VALUE_ON_ZERO' */;
/*!40111 SET @OLD_SQL_NOTES=@@SQL_NOTES, SQL_NOTES=0 */;

-- Dumping data for table hris_kpt.features: ~35 rows (approximately)
DELETE FROM `features`;
INSERT INTO `features` (`id`, `name`, `description`, `created_by`, `updated_by`, `deleted_by`, `created_at`, `updated_at`, `deleted_at`) VALUES
	(1, 'Dashboard', 'Manajemen Data Dashboard', 1, NULL, NULL, '2023-06-19 00:14:32', '2023-06-19 00:14:32', NULL),
	(2, 'Absensi', '', 1, NULL, NULL, '2023-06-19 00:14:32', '2023-06-19 00:14:32', NULL),
	(3, 'Roster', '', 1, NULL, NULL, '2023-06-19 00:14:32', '2023-06-19 00:14:32', NULL),
	(4, 'Kasbon', '', 1, NULL, NULL, '2023-06-19 00:14:32', '2023-06-19 00:14:32', NULL),
	(5, 'Slip Gaji', '', 1, NULL, NULL, '2023-06-19 00:14:32', '2023-06-19 00:14:32', NULL),
	(6, 'Penggajian', '', 1, NULL, NULL, '2023-06-19 00:14:32', '2023-06-19 00:14:32', NULL),
	(7, 'Proyek', '', 1, NULL, NULL, '2023-06-19 00:14:32', '2023-06-19 00:14:32', NULL),
	(8, 'Job Order', '', 1, NULL, NULL, '2023-06-19 00:14:32', '2023-06-19 00:14:32', NULL),
	(9, 'Cuti', '', 1, NULL, NULL, '2023-06-19 00:14:32', '2023-06-19 00:14:32', NULL),
	(10, 'Laporan Job Order', '', 1, NULL, NULL, '2023-06-19 00:14:32', '2023-06-19 00:14:32', NULL),
	(11, 'Laporan Kasbon', '', 1, NULL, NULL, '2023-06-19 00:14:32', '2023-06-19 00:14:32', NULL),
	(12, 'Laporan Surat Perintah Lembur', '', 1, NULL, NULL, '2023-06-19 00:14:32', '2023-06-19 00:14:32', NULL),
	(13, 'Laporan Cuti', '', 1, NULL, NULL, '2023-06-19 00:14:32', '2023-06-19 00:14:32', NULL),
	(14, 'Departemen', '', 1, NULL, NULL, '2023-06-19 00:14:32', '2023-06-19 00:14:32', NULL),
	(15, 'Jabatan', '', 1, NULL, NULL, '2023-06-19 00:14:32', '2023-06-19 00:14:32', NULL),
	(16, 'Perusahaan', '', 1, NULL, NULL, '2023-06-19 00:14:32', '2023-06-19 00:14:32', NULL),
	(17, 'Jenis Karyawan', '', 1, NULL, NULL, '2023-06-19 00:14:32', '2023-06-19 00:14:32', NULL),
	(18, 'Kapal', '', 1, NULL, NULL, '2023-06-19 00:14:32', '2023-06-19 00:14:32', NULL),
	(19, 'Lokasi', '', 1, NULL, NULL, '2023-06-19 00:14:32', '2023-06-19 00:14:32', NULL),
	(20, 'Bahan', '', 1, NULL, NULL, '2023-06-19 00:14:32', '2023-06-19 00:14:32', NULL),
	(21, 'Kategori Job Order', '', 1, NULL, NULL, '2023-06-19 00:14:32', '2023-06-19 00:14:32', NULL),
	(22, 'Jadwal Kerja', '', 1, NULL, NULL, '2023-06-19 00:14:32', '2023-06-19 00:14:32', NULL),
	(23, 'Jenis Pekerjaan', '', 1, NULL, NULL, '2023-06-19 00:14:32', '2023-06-19 00:14:32', NULL),
	(24, 'Karyawan', '', 1, NULL, NULL, '2023-06-19 00:14:32', '2023-06-19 00:14:32', NULL),
	(25, 'Pelanggan', '', 1, NULL, NULL, '2023-06-19 00:14:32', '2023-06-19 00:14:32', NULL),
	(26, 'Alat Finger', '', 1, NULL, NULL, '2023-06-19 00:14:32', '2023-06-19 00:14:32', NULL),
	(27, 'Penyesuaian Gaji', 'Manajemen penambahan dan pengurangan gaji karyawan', 1, NULL, NULL, '2023-06-19 00:14:32', '2023-06-19 00:14:32', NULL),
	(28, 'Jam Kerja', 'Manajemen Jam Kerja Karyawan', 1, NULL, NULL, '2023-06-19 00:14:32', '2023-06-19 00:14:32', NULL),
	(29, 'Pengguna', 'Manajemen Data Pengguna', 1, NULL, NULL, '2023-06-19 00:14:32', '2023-06-19 00:14:32', NULL),
	(30, 'Hak Akses', 'Manajemen Hak Akses berdasarkan grup user', 1, NULL, NULL, '2023-06-19 00:14:32', '2023-06-19 00:14:32', NULL),
	(31, 'Fitur', 'Manajemen Data Fitur', 1, NULL, NULL, '2023-06-19 00:14:32', '2023-06-19 00:14:32', NULL),
	(32, 'Perhitungan Bpjs', 'Manajemen Data Perhitungan Bpjs', 1, NULL, NULL, '2023-06-19 00:14:32', '2023-06-19 00:14:32', NULL),
	(33, 'Dasar Upah Bpjs', 'Manajemen Data Dasar Upah Bpjs', 1, NULL, NULL, '2023-06-19 00:14:32', '2023-06-19 00:14:32', NULL),
	(34, 'Grup Pengguna', 'Manajemen Data Grup Pengguna', 1, NULL, NULL, '2023-06-19 00:14:32', '2023-06-19 00:14:32', NULL),
	(35, 'Tingkat Persetujuan', 'Manajemen Data Tingkat Persetujuan', 1, NULL, NULL, '2023-06-19 00:14:32', '2023-06-19 00:14:32', NULL);

-- Dumping data for table hris_kpt.permissions: ~140 rows (approximately)
DELETE FROM `permissions`;
INSERT INTO `permissions` (`id`, `feature_id`, `name`, `description`, `guard_name`, `created_at`, `updated_at`) VALUES
	(1, 1, 'lihat dashboard', 'lihat dashboard', 'web', NULL, NULL),
	(5, 2, 'lihat absensi', 'lihat absensi', 'web', NULL, NULL),
	(6, 2, 'tambah absensi', 'tambah absensi', 'web', NULL, NULL),
	(7, 2, 'ubah absensi', 'ubah absensi', 'web', NULL, NULL),
	(8, 2, 'hapus absensi', 'hapus absensi', 'web', NULL, NULL),
	(9, 3, 'lihat roster', 'lihat roster', 'web', NULL, NULL),
	(10, 3, 'tambah roster', 'tambah roster', 'web', NULL, NULL),
	(11, 3, 'ubah roster', 'ubah roster', 'web', NULL, NULL),
	(12, 3, 'hapus roster', 'hapus roster', 'web', NULL, NULL),
	(13, 4, 'lihat kasbon', 'lihat kasbon', 'web', NULL, NULL),
	(14, 4, 'tambah kasbon', 'tambah kasbon', 'web', NULL, NULL),
	(15, 4, 'ubah kasbon', 'ubah kasbon', 'web', NULL, NULL),
	(16, 4, 'hapus kasbon', 'hapus kasbon', 'web', NULL, NULL),
	(17, 5, 'lihat slip gaji', 'lihat slip gaji', 'web', NULL, NULL),
	(18, 5, 'tambah slip gaji', 'tambah slip gaji', 'web', NULL, NULL),
	(19, 5, 'ubah slip gaji', 'ubah slip gaji', 'web', NULL, NULL),
	(20, 5, 'hapus slip gaji', 'hapus slip gaji', 'web', NULL, NULL),
	(21, 6, 'lihat penggajian', 'lihat penggajian', 'web', NULL, NULL),
	(22, 6, 'tambah penggajian', 'tambah penggajian', 'web', NULL, NULL),
	(23, 6, 'ubah penggajian', 'ubah penggajian', 'web', NULL, NULL),
	(24, 6, 'hapus penggajian', 'hapus penggajian', 'web', NULL, NULL),
	(25, 7, 'lihat proyek', 'lihat proyek', 'web', NULL, NULL),
	(26, 7, 'tambah proyek', 'tambah proyek', 'web', NULL, NULL),
	(27, 7, 'ubah proyek', 'ubah proyek', 'web', NULL, NULL),
	(28, 7, 'hapus proyek', 'hapus proyek', 'web', NULL, NULL),
	(29, 8, 'lihat job order', 'lihat job order', 'web', NULL, NULL),
	(30, 8, 'tambah job order', 'tambah job order', 'web', NULL, NULL),
	(31, 8, 'ubah job order', 'ubah job order', 'web', NULL, NULL),
	(32, 8, 'hapus job order', 'hapus job order', 'web', NULL, NULL),
	(33, 9, 'lihat cuti', 'lihat cuti', 'web', NULL, NULL),
	(34, 9, 'tambah cuti', 'tambah cuti', 'web', NULL, NULL),
	(35, 9, 'ubah cuti', 'ubah cuti', 'web', NULL, NULL),
	(36, 9, 'hapus cuti', 'hapus cuti', 'web', NULL, NULL),
	(37, 10, 'lihat laporan job order', 'lihat laporan job order', 'web', NULL, NULL),
	(41, 11, 'lihat laporan kasbon', 'lihat laporan kasbon', 'web', NULL, NULL),
	(45, 12, 'lihat laporan surat perintah lembur', 'lihat laporan surat perintah lembur', 'web', NULL, NULL),
	(49, 13, 'lihat laporan cuti', 'lihat laporan cuti', 'web', NULL, NULL),
	(53, 14, 'lihat departemen', 'lihat departemen', 'web', NULL, NULL),
	(54, 14, 'tambah departemen', 'tambah departemen', 'web', NULL, NULL),
	(55, 14, 'ubah departemen', 'ubah departemen', 'web', NULL, NULL),
	(56, 14, 'hapus departemen', 'hapus departemen', 'web', NULL, NULL),
	(57, 15, 'lihat jabatan', 'lihat jabatan', 'web', NULL, NULL),
	(58, 15, 'tambah jabatan', 'tambah jabatan', 'web', NULL, NULL),
	(59, 15, 'ubah jabatan', 'ubah jabatan', 'web', NULL, NULL),
	(60, 15, 'hapus jabatan', 'hapus jabatan', 'web', NULL, NULL),
	(61, 16, 'lihat perusahaan', 'lihat perusahaan', 'web', NULL, NULL),
	(62, 16, 'tambah perusahaan', 'tambah perusahaan', 'web', NULL, NULL),
	(63, 16, 'ubah perusahaan', 'ubah perusahaan', 'web', NULL, NULL),
	(64, 16, 'hapus perusahaan', 'hapus perusahaan', 'web', NULL, NULL),
	(65, 17, 'lihat jenis karyawan', 'lihat jenis karyawan', 'web', NULL, NULL),
	(66, 17, 'tambah jenis karyawan', 'tambah jenis karyawan', 'web', NULL, NULL),
	(67, 17, 'ubah jenis karyawan', 'ubah jenis karyawan', 'web', NULL, NULL),
	(68, 17, 'hapus jenis karyawan', 'hapus jenis karyawan', 'web', NULL, NULL),
	(69, 18, 'lihat kapal', 'lihat kapal', 'web', NULL, NULL),
	(70, 18, 'tambah kapal', 'tambah kapal', 'web', NULL, NULL),
	(71, 18, 'ubah kapal', 'ubah kapal', 'web', NULL, NULL),
	(72, 18, 'hapus kapal', 'hapus kapal', 'web', NULL, NULL),
	(73, 19, 'lihat lokasi', 'lihat lokasi', 'web', NULL, NULL),
	(74, 19, 'tambah lokasi', 'tambah lokasi', 'web', NULL, NULL),
	(75, 19, 'ubah lokasi', 'ubah lokasi', 'web', NULL, NULL),
	(76, 19, 'hapus lokasi', 'hapus lokasi', 'web', NULL, NULL),
	(77, 20, 'lihat bahan', 'lihat bahan', 'web', NULL, NULL),
	(78, 20, 'tambah bahan', 'tambah bahan', 'web', NULL, NULL),
	(79, 20, 'ubah bahan', 'ubah bahan', 'web', NULL, NULL),
	(80, 20, 'hapus bahan', 'hapus bahan', 'web', NULL, NULL),
	(81, 21, 'lihat kategori job order', 'lihat kategori job order', 'web', NULL, NULL),
	(82, 21, 'tambah kategori job order', 'tambah kategori job order', 'web', NULL, NULL),
	(83, 21, 'ubah kategori job order', 'ubah kategori job order', 'web', NULL, NULL),
	(84, 21, 'hapus kategori job order', 'hapus kategori job order', 'web', NULL, NULL),
	(85, 22, 'lihat jadwal kerja', 'lihat jadwal kerja', 'web', NULL, NULL),
	(86, 22, 'tambah jadwal kerja', 'tambah jadwal kerja', 'web', NULL, NULL),
	(87, 22, 'ubah jadwal kerja', 'ubah jadwal kerja', 'web', NULL, NULL),
	(88, 22, 'hapus jadwal kerja', 'hapus jadwal kerja', 'web', NULL, NULL),
	(89, 23, 'lihat jenis pekerjaan', 'lihat jenis pekerjaan', 'web', NULL, NULL),
	(90, 23, 'tambah jenis pekerjaan', 'tambah jenis pekerjaan', 'web', NULL, NULL),
	(91, 23, 'ubah jenis pekerjaan', 'ubah jenis pekerjaan', 'web', NULL, NULL),
	(92, 23, 'hapus jenis pekerjaan', 'hapus jenis pekerjaan', 'web', NULL, NULL),
	(93, 24, 'lihat karyawan', 'lihat karyawan', 'web', NULL, NULL),
	(94, 24, 'tambah karyawan', 'tambah karyawan', 'web', NULL, NULL),
	(95, 24, 'ubah karyawan', 'ubah karyawan', 'web', NULL, NULL),
	(96, 24, 'hapus karyawan', 'hapus karyawan', 'web', NULL, NULL),
	(97, 25, 'lihat pelanggan', 'lihat pelanggan', 'web', NULL, NULL),
	(98, 25, 'tambah pelanggan', 'tambah pelanggan', 'web', NULL, NULL),
	(99, 25, 'ubah pelanggan', 'ubah pelanggan', 'web', NULL, NULL),
	(100, 25, 'hapus pelanggan', 'hapus pelanggan', 'web', NULL, NULL),
	(101, 26, 'lihat alat finger', 'lihat alat finger', 'web', NULL, NULL),
	(102, 26, 'tambah alat finger', 'tambah alat finger', 'web', NULL, NULL),
	(103, 26, 'ubah alat finger', 'ubah alat finger', 'web', NULL, NULL),
	(104, 26, 'hapus alat finger', 'hapus alat finger', 'web', NULL, NULL),
	(105, 27, 'lihat penyesuaian gaji', 'lihat penyesuaian gaji', 'web', NULL, NULL),
	(106, 27, 'tambah penyesuaian gaji', 'tambah penyesuaian gaji', 'web', NULL, NULL),
	(107, 27, 'ubah penyesuaian gaji', 'ubah penyesuaian gaji', 'web', NULL, NULL),
	(108, 27, 'hapus penyesuaian gaji', 'hapus penyesuaian gaji', 'web', NULL, NULL),
	(109, 28, 'lihat jam kerja', 'lihat jam kerja', 'web', NULL, NULL),
	(110, 28, 'tambah jam kerja', 'tambah jam kerja', 'web', NULL, NULL),
	(111, 28, 'ubah jam kerja', 'ubah jam kerja', 'web', NULL, NULL),
	(112, 28, 'hapus jam kerja', 'hapus jam kerja', 'web', NULL, NULL),
	(113, 29, 'lihat pengguna', 'lihat pengguna', 'web', NULL, NULL),
	(114, 29, 'tambah pengguna', 'tambah pengguna', 'web', NULL, NULL),
	(115, 29, 'ubah pengguna', 'ubah pengguna', 'web', NULL, NULL),
	(116, 29, 'hapus pengguna', 'hapus pengguna', 'web', NULL, NULL),
	(117, 30, 'lihat hak akses', 'lihat hak akses', 'web', NULL, NULL),
	(118, 30, 'tambah hak akses', 'tambah hak akses', 'web', NULL, NULL),
	(119, 30, 'ubah hak akses', 'ubah hak akses', 'web', NULL, NULL),
	(120, 30, 'hapus hak akses', 'hapus hak akses', 'web', NULL, NULL),
	(121, 31, 'lihat fitur', 'lihat fitur', 'web', NULL, NULL),
	(122, 31, 'tambah fitur', 'tambah fitur', 'web', NULL, NULL),
	(123, 31, 'ubah fitur', 'ubah fitur', 'web', NULL, NULL),
	(124, 31, 'hapus fitur', 'hapus fitur', 'web', NULL, NULL),
	(125, 32, 'lihat perhitungan bpjs', 'lihat perhitungan bpjs', 'web', NULL, NULL),
	(126, 32, 'tambah perhitungan bpjs', 'tambah perhitungan bpjs', 'web', NULL, NULL),
	(127, 32, 'ubah perhitungan bpjs', 'ubah perhitungan bpjs', 'web', NULL, NULL),
	(128, 32, 'hapus perhitungan bpjs', 'hapus perhitungan bpjs', 'web', NULL, NULL),
	(129, 33, 'lihat dasar upah bpjs', 'lihat dasar upah bpjs', 'web', NULL, NULL),
	(130, 33, 'tambah dasar upah bpjs', 'tambah dasar upah bpjs', 'web', NULL, NULL),
	(131, 33, 'ubah dasar upah bpjs', 'ubah dasar upah bpjs', 'web', NULL, NULL),
	(132, 33, 'hapus dasar upah bpjs', 'hapus dasar upah bpjs', 'web', NULL, NULL),
	(133, 34, 'lihat grup pengguna', 'lihat grup pengguna', 'web', NULL, NULL),
	(134, 34, 'tambah grup pengguna', 'tambah grup pengguna', 'web', NULL, NULL),
	(135, 34, 'ubah grup pengguna', 'ubah grup pengguna', 'web', NULL, NULL),
	(136, 34, 'hapus grup pengguna', 'hapus grup pengguna', 'web', NULL, NULL),
	(137, 35, 'lihat tingkat persetujuan', 'lihat tingkat persetujuan', 'web', NULL, NULL),
	(138, 35, 'tambah tingkat persetujuan', 'tambah tingkat persetujuan', 'web', NULL, NULL),
	(139, 35, 'ubah tingkat persetujuan', 'ubah tingkat persetujuan', 'web', NULL, NULL),
	(140, 35, 'hapus tingkat persetujuan', 'hapus tingkat persetujuan', 'web', NULL, NULL),
	(144, 8, 'proyek job order', '', 'web', NULL, NULL),
	(150, 9, 'ekspor laporan job order', '', 'web', NULL, NULL),
	(151, 13, 'ekspor excel laporan cuti', NULL, 'web', NULL, '2023-07-21 02:03:34'),
	(152, 1, 'hrd dashboard', 'data HRD di dashboard', 'web', '2023-07-17 07:07:52', '2023-07-17 07:07:52'),
	(153, 10, 'export excel laporan job order', 'tombol export excel', 'web', '2023-07-21 01:29:52', '2023-07-21 02:08:20'),
	(154, 10, 'detail laporan job order', 'informasi detail tentang job order', 'web', '2023-07-21 01:30:44', '2023-07-21 02:07:08'),
	(155, 10, 'print laporan job order', 'print / cetak job order', 'web', '2023-07-21 01:31:22', '2023-07-21 02:07:32'),
	(157, 11, 'perwakilan laporan kasbon', 'aktifkan persetujuan perwakilan', 'web', '2023-07-21 01:40:45', '2023-07-21 01:40:45'),
	(158, 11, 'persetujuan laporan kasbon', NULL, 'web', '2023-07-21 01:46:18', '2023-07-21 01:46:18'),
	(159, 12, 'export excel laporan surat perintah lembur', NULL, 'web', '2023-07-21 01:54:21', '2023-07-21 01:54:21'),
	(160, 12, 'ubah laporan surat perintah lembur', NULL, 'web', '2023-07-21 01:55:07', '2023-07-21 01:55:07'),
	(161, 13, 'persetujuan laporan cuti', NULL, 'web', '2023-07-21 02:01:14', '2023-07-21 02:01:14'),
	(163, 7, 'detail proyek', NULL, 'web', '2023-07-21 02:40:28', '2023-07-21 02:40:28'),
	(164, 7, 'export excel proyek', NULL, 'web', '2023-07-21 02:40:37', '2023-07-21 02:40:37');

-- Dumping data for table hris_kpt.roles: ~8 rows (approximately)
DELETE FROM `roles`;
INSERT INTO `roles` (`id`, `name`, `guard_name`, `created_at`, `updated_at`) VALUES
	(1, 'Super Admin', 'web', '2023-06-19 00:14:32', '2023-06-19 00:14:32'),
	(2, 'Admin', 'web', '2023-06-19 00:14:33', '2023-06-19 00:14:33'),
	(3, 'HRD', 'web', '2023-06-19 00:14:33', '2023-06-19 00:14:33'),
	(4, 'Kasir', 'web', '2023-06-19 00:14:33', '2023-06-19 00:14:33'),
	(5, 'Pengawas', 'web', '2023-06-19 00:14:33', '2023-06-19 00:14:33'),
	(6, 'Quality Control', 'web', '2023-06-19 00:14:33', '2023-06-19 00:14:33'),
	(7, 'Marketing', 'web', '2023-07-21 01:06:18', '2023-07-21 01:06:18'),
	(9, 'Admin Office', 'web', '2023-07-21 01:07:04', '2023-07-21 01:07:04');

-- Dumping data for table hris_kpt.role_has_permissions: ~294 rows (approximately)
DELETE FROM `role_has_permissions`;
INSERT INTO `role_has_permissions` (`permission_id`, `role_id`) VALUES
	(1, 1),
	(5, 1),
	(6, 1),
	(7, 1),
	(8, 1),
	(9, 1),
	(10, 1),
	(11, 1),
	(12, 1),
	(13, 1),
	(14, 1),
	(15, 1),
	(16, 1),
	(17, 1),
	(18, 1),
	(19, 1),
	(20, 1),
	(21, 1),
	(22, 1),
	(23, 1),
	(24, 1),
	(25, 1),
	(26, 1),
	(27, 1),
	(28, 1),
	(29, 1),
	(30, 1),
	(31, 1),
	(32, 1),
	(33, 1),
	(34, 1),
	(35, 1),
	(36, 1),
	(37, 1),
	(41, 1),
	(45, 1),
	(49, 1),
	(53, 1),
	(54, 1),
	(55, 1),
	(56, 1),
	(57, 1),
	(58, 1),
	(59, 1),
	(60, 1),
	(61, 1),
	(62, 1),
	(63, 1),
	(64, 1),
	(65, 1),
	(66, 1),
	(67, 1),
	(68, 1),
	(69, 1),
	(70, 1),
	(71, 1),
	(72, 1),
	(73, 1),
	(74, 1),
	(75, 1),
	(76, 1),
	(77, 1),
	(78, 1),
	(79, 1),
	(80, 1),
	(81, 1),
	(82, 1),
	(83, 1),
	(84, 1),
	(85, 1),
	(86, 1),
	(87, 1),
	(88, 1),
	(89, 1),
	(90, 1),
	(91, 1),
	(92, 1),
	(93, 1),
	(94, 1),
	(95, 1),
	(96, 1),
	(97, 1),
	(98, 1),
	(99, 1),
	(100, 1),
	(101, 1),
	(102, 1),
	(103, 1),
	(104, 1),
	(105, 1),
	(106, 1),
	(107, 1),
	(108, 1),
	(109, 1),
	(110, 1),
	(111, 1),
	(112, 1),
	(113, 1),
	(114, 1),
	(115, 1),
	(116, 1),
	(117, 1),
	(118, 1),
	(119, 1),
	(120, 1),
	(121, 1),
	(122, 1),
	(123, 1),
	(124, 1),
	(125, 1),
	(126, 1),
	(127, 1),
	(128, 1),
	(129, 1),
	(130, 1),
	(131, 1),
	(132, 1),
	(133, 1),
	(134, 1),
	(135, 1),
	(136, 1),
	(137, 1),
	(138, 1),
	(139, 1),
	(140, 1),
	(144, 1),
	(150, 1),
	(151, 1),
	(152, 1),
	(153, 1),
	(154, 1),
	(155, 1),
	(157, 1),
	(158, 1),
	(159, 1),
	(160, 1),
	(161, 1),
	(163, 1),
	(164, 1),
	(1, 2),
	(5, 2),
	(6, 2),
	(7, 2),
	(8, 2),
	(9, 2),
	(10, 2),
	(11, 2),
	(12, 2),
	(13, 2),
	(14, 2),
	(15, 2),
	(16, 2),
	(17, 2),
	(18, 2),
	(19, 2),
	(20, 2),
	(21, 2),
	(22, 2),
	(23, 2),
	(24, 2),
	(25, 2),
	(26, 2),
	(27, 2),
	(28, 2),
	(29, 2),
	(30, 2),
	(31, 2),
	(32, 2),
	(33, 2),
	(34, 2),
	(35, 2),
	(36, 2),
	(37, 2),
	(41, 2),
	(45, 2),
	(49, 2),
	(54, 2),
	(55, 2),
	(56, 2),
	(57, 2),
	(58, 2),
	(59, 2),
	(60, 2),
	(61, 2),
	(62, 2),
	(63, 2),
	(64, 2),
	(66, 2),
	(67, 2),
	(68, 2),
	(69, 2),
	(70, 2),
	(71, 2),
	(72, 2),
	(74, 2),
	(75, 2),
	(76, 2),
	(78, 2),
	(79, 2),
	(80, 2),
	(81, 2),
	(82, 2),
	(83, 2),
	(84, 2),
	(86, 2),
	(87, 2),
	(88, 2),
	(89, 2),
	(90, 2),
	(91, 2),
	(92, 2),
	(93, 2),
	(94, 2),
	(95, 2),
	(96, 2),
	(97, 2),
	(98, 2),
	(99, 2),
	(100, 2),
	(101, 2),
	(102, 2),
	(103, 2),
	(104, 2),
	(105, 2),
	(106, 2),
	(107, 2),
	(108, 2),
	(110, 2),
	(111, 2),
	(112, 2),
	(113, 2),
	(114, 2),
	(115, 2),
	(116, 2),
	(117, 2),
	(118, 2),
	(119, 2),
	(121, 2),
	(122, 2),
	(123, 2),
	(124, 2),
	(125, 2),
	(126, 2),
	(127, 2),
	(128, 2),
	(129, 2),
	(130, 2),
	(131, 2),
	(132, 2),
	(133, 2),
	(134, 2),
	(135, 2),
	(136, 2),
	(138, 2),
	(139, 2),
	(140, 2),
	(144, 2),
	(150, 2),
	(151, 2),
	(152, 2),
	(153, 2),
	(154, 2),
	(155, 2),
	(157, 2),
	(158, 2),
	(159, 2),
	(160, 2),
	(161, 2),
	(1, 3),
	(41, 3),
	(1, 4),
	(41, 4),
	(1, 5),
	(13, 5),
	(14, 5),
	(15, 5),
	(16, 5),
	(29, 5),
	(30, 5),
	(33, 5),
	(34, 5),
	(35, 5),
	(36, 5),
	(1, 6),
	(29, 6),
	(1, 9),
	(37, 9),
	(41, 9),
	(45, 9),
	(49, 9);

-- Dumping data for table hris_kpt.users: ~22 rows (approximately)
DELETE FROM `users`;
INSERT INTO `users` (`id`, `name`, `email`, `email_verified_at`, `role_id`, `password`, `status`, `remember_token`, `created_by`, `updated_by`, `deleted_by`, `created_at`, `updated_at`, `deleted_at`, `location_id`) VALUES
	-- (1, 'superadmin', 'superadmin@email.com', NULL, 1, '$2y$10$.Ezmpa8y5PQUO1YUN4M/p.PSpWZa.W1y4gYtthjex6lYPI6BId7pi', 1, NULL, NULL, NULL, NULL, '2023-06-19 00:14:34', '2023-06-19 00:14:34', NULL, NULL),
	-- (2, 'admin', 'admin@email.com', NULL, 2, '$2y$10$khFVuZSVuOSBuGgWSh43re6Ha4balo.ZZlWBPDhfhAIUk.MwSqzJS', 1, NULL, NULL, NULL, NULL, '2023-06-19 00:14:34', '2023-06-19 00:14:34', NULL, NULL),
	-- (3, 'arini', 'hrd@email.com', NULL, 3, '$2y$10$HAzalEbYu.trWLumGOG7NeeG0nswP6Lvym1t5889o0z7tI8SQdNfa', 1, NULL, NULL, NULL, NULL, '2023-06-19 00:14:34', '2023-06-20 12:54:10', '2023-06-20 12:54:10', NULL),
	-- (4, 'indah', 'cashier@email.com', NULL, 4, '$2y$10$Rwjj0P99ZIuUz3JS7JxPreSN66qSoN3Lx380Ea9RINWmOoNeFrC4q', 1, NULL, NULL, NULL, NULL, '2023-06-19 00:14:34', '2023-07-10 10:45:21', '2023-07-10 10:45:21', NULL),
	-- (5, 'pengawas', 'foreman@email.com', NULL, 5, '$2y$10$0H73Ctkl3Zx5dyTkWH49Bu5P8z26s4rQWSrvmcXhyCdoEl50hOVgi', 1, NULL, NULL, NULL, NULL, '2023-06-19 00:14:35', '2023-06-20 12:55:00', NULL, 2),
	-- (6, 'qc', 'qualityControl@email.com', NULL, 6, '$2y$10$1wkpBGF9dG8aHLPmiJim8.xef7u6KRUuyUMcZS9OPJL9m6PZBjB9u', 1, NULL, NULL, NULL, NULL, '2023-06-19 00:14:35', '2023-06-19 00:14:35', NULL, NULL),
	(7, 'adam', 'adam@gmail.com', NULL, 5, '$2y$10$/odwA5TnZq3JEq4M.c.a8.iWk.rI7vi5PSs.vKAVfniXXSbciEhLe', 1, NULL, NULL, NULL, NULL, '2023-06-19 08:49:57', '2023-06-20 12:54:54', NULL, 2),
	(8, 'ardhi', 'ardhi@gmail.com', NULL, 5, '$2y$10$awjKxv30a4.e79POlImlmeUK/QSBirrF.e9VueURfth4NZBH2eHGW', 1, NULL, NULL, NULL, NULL, '2023-06-19 08:50:23', '2023-06-20 12:54:16', NULL, 2),
	(9, 'yosep', 'yosep@gmail.com', NULL, 5, '$2y$10$zlA2VcfJdlsl4DFFQ2wQU.S5W9VqoF1GOEn/tdp.iOhoYWwtWWuK2', 1, NULL, NULL, NULL, NULL, '2023-06-19 08:50:48', '2023-06-20 12:55:09', NULL, 2),
	(10, 'binamo', 'binamo@gmail.com', NULL, 5, '$2y$10$oexXaQuus1b69qy5EP7YK.NANWkXkIc72oTO6V/qbGuppVupC694y', 1, NULL, NULL, NULL, NULL, '2023-06-19 08:52:23', '2023-06-20 12:53:58', NULL, 2),
	(11, 'sola', 'sola@gmail.com', NULL, 2, '$2y$10$CcZfmywz/X0QjY5C2kIkw.VuMy7Sj58PyJ5oOn/Phf8055Bmh1dLi', 1, NULL, NULL, NULL, NULL, '2023-06-23 02:23:14', '2023-06-23 02:23:14', NULL, NULL),
	(12, 'evi', 'evi@gmail.com', NULL, 2, '$2y$10$9LD26iBOggFjhD.eFURDDugdXGCfbqpAol3U6J/Hz19pnFLk5Pf9m', 1, NULL, NULL, NULL, NULL, '2023-06-23 03:11:31', '2023-06-23 03:11:31', NULL, NULL),
	(13, 'alfred', 'alfred@gmail.com', NULL, 6, '$2y$10$4h8NWWwC0oR.dsNapR3lLe3yc9W53QuTaDW6OiQL3Yw8dl48SQ6ai', 1, NULL, NULL, NULL, NULL, '2023-07-05 00:35:41', '2023-07-05 00:35:41', NULL, 2),
	(14, 'abadi', 'abadi@gmail.com', NULL, 6, '$2y$10$SrasPpSPqkWg5aonXPwPAONb.5qaRLQeUHxOTliOYTdCI/4MGMyMW', 1, NULL, NULL, NULL, NULL, '2023-07-05 00:36:11', '2023-07-05 00:36:11', NULL, 2),
	(15, 'fadil', 'muhammadfdlh99@gmail.com', NULL, 6, '$2y$10$8Jbw7mvbsdQHeYfZjxHRn.GITAmVshL9uTcBESUtf1KeJyyUrrSra', 1, NULL, NULL, NULL, NULL, '2023-07-06 02:27:02', '2023-07-06 02:27:02', NULL, 1),
	(16, 'aldy', 'aldy@gmail.com', NULL, 6, '$2y$10$C4A31XrSFDgu1ASWQ7kVuOJNHk5hnI2AyZj2yB07x6APqjt80Xs8y', 1, NULL, NULL, NULL, NULL, '2023-07-06 02:28:59', '2023-07-06 02:28:59', NULL, 1),
	(17, 'marwas', 'marwas@gmail.com', NULL, 5, '$2y$10$dEGJhzJcHHiUgcyweEqWB..Fn2wpzgr.zDbi7eOR/VlvtdGfQfchS', 1, NULL, NULL, NULL, NULL, '2023-07-06 02:29:38', '2023-07-06 03:11:23', NULL, 1),
	(18, 'samian', 'samian@gmail.com', NULL, 5, '$2y$10$nswL/d7IpB9.WJeaONhhh.vegwdtWcFoLD8gMrX5l9.ebpi2AtebO', 1, NULL, NULL, NULL, NULL, '2023-07-06 02:31:51', '2023-07-06 02:32:10', NULL, 1),
	(20, 'asen', 'asen@gmail.com', NULL, 5, '$2y$10$YkmwnwFovb/RkBLLLrUXVeeFT24RWOLAe.3aixTyCEFu/RCVHPIaq', 1, NULL, NULL, NULL, NULL, '2023-07-10 00:56:13', '2023-07-10 00:56:13', NULL, 1),
	(21, 'kasir', 'kasir@gmail.com', NULL, 4, '$2y$10$NJUchBnNyALmp/luXbMj3OZlGZ1POrq6YCSZRILi8WJFSL8PYcik.', 1, NULL, NULL, NULL, NULL, '2023-07-10 10:45:46', '2023-07-10 10:45:46', NULL, NULL),
	(22, 'rusli', 'rusli@gmail.com', NULL, 2, '$2y$10$1ImSmkz8k2N3CGCaG./loewyV5rTundHLfxmM4ob4wDZavQDHIFeu', 1, NULL, NULL, NULL, NULL, '2023-07-18 09:59:05', '2023-07-18 09:59:05', NULL, NULL),
	(23, 'minardi', 'minardi@gmail.com', NULL, 2, '$2y$10$EKUWt4qwkEbxWWuCnHXfvu6iAYWZ/qXErMNiqr0DKWPbLlYfd3F8e', 1, NULL, NULL, NULL, NULL, '2023-07-18 09:59:46', '2023-07-18 09:59:46', NULL, NULL);

/*!40103 SET TIME_ZONE=IFNULL(@OLD_TIME_ZONE, 'system') */;
/*!40101 SET SQL_MODE=IFNULL(@OLD_SQL_MODE, '') */;
/*!40014 SET FOREIGN_KEY_CHECKS=IFNULL(@OLD_FOREIGN_KEY_CHECKS, 1) */;
/*!40101 SET CHARACTER_SET_CLIENT=@OLD_CHARACTER_SET_CLIENT */;
/*!40111 SET SQL_NOTES=IFNULL(@OLD_SQL_NOTES, 1) */;
